grade,lesson_term,subject,unit_order,unit_name,lesson_order,lesson_name
g9,t2,s8,u4,,l1,"Lesson 1 : Hormones in the Human Body"
g9,t2,s8,u3,,l1,"Lesson 1 :The Main Principles of Heredity"
g9,t2,s8,u2,,l3,"Lesson 3 : Radioactivity and Nuclear Energy"
g9,t2,s8,u2,,l2,"Lesson 2 : The  Electric Current and Cells"
g9,t2,s8,u2,,l1,"Lesson 1 :Physical Properties of the Electric Current"
g9,t2,s8,u1,,l2,"Lesson 2:
            Speed of the  Chemical Reactions"
g9,t2,s8,u1,,l1,"Lesson 1:
            Chemical Reactions"
g9,t2,s7,u5,,l7,"7-	Angle of tangency"
g9,t2,s7,u5,,l6,"6-	The relation between the tangents of circle"
g9,t2,s7,u5,,l5,"5-	Properties of Xyclic quadrilaterals"
g9,t2,s7,u5,,l4,"4-	Angle of tangency"
g9,t2,s7,u5,,l3,"3-	The relation between the tangents of circle"
g9,t2,s7,u5,,l2,"2-	Properties of cyclic quadrilaterals"
g9,t2,s7,u5,,l1,"1-	Cyclic quadrilaterals"
g9,t2,s7,u4,,l4,"4-	The Relation Between the Chords of a Circle with its center"
g9,t2,s7,u4,,l3,"3-	Identifying the Circle"
g9,t2,s7,u4,,l2,"2-	Positions of a point, a Straight Line and a Circle with Respect to a Circle"
g9,t2,s7,u4,,l1,"1-	Basic definitions and concepts"
g9,t2,s7,u3,,l2,"2-	complementary event and the difference between two events"
g9,t2,s7,u3,,l1,"1-	Operations on events"
g9,t2,s7,u2,,l4,"4-	Operations on algebraic fractions"
g9,t2,s7,u2,,l3,"3-	Equality of two algebraic fractions"
g9,t2,s7,u2,,l2,"2-	Algebraic fractional function"
g9,t2,s7,u2,,l1,"1-	Set of zeros of a polynomial function"
g9,t2,s7,u1,,l3,"3-	Solving two equations in two variables, one is of first degree and the other is of second degree"
g9,t2,s7,u1,,l2,"2-	Solving an equation of second degree in one known Graphically and Algebraically"
g9,t2,s7,u1,,l1,"1-	solving two equations of first degree in two variables Graphically and Algebraically"
g9,t2,s6,u8,,l2,"Lesson 2"
g9,t2,s6,u8,,l1,"Lesson 1"
g9,t2,s6,u7,,l7,"Lesson 7"
g9,t2,s6,u7,,l6,"Lesson 6"
g9,t2,s6,u7,,l5,"Lesson 5"
g9,t2,s6,u7,,l4,"Lesson 4"
g9,t2,s6,u7,,l3,"Lesson 3"
g9,t2,s6,u7,,l2,"Lesson 2"
g9,t2,s6,u7,,l1,"Lesson 1"
g9,t2,s6,u6,,l7,"Lesson 7"
g9,t2,s6,u6,,l6,"Lesson 6"
g9,t2,s6,u6,,l5,"Lesson 5"
g9,t2,s6,u6,,l4,"Lesson 4"
g9,t2,s6,u6,,l3,"Lesson 3"
g9,t2,s6,u6,,l2,"Lesson 2"
g9,t2,s6,u6,,l1,"Lesson 1"
g9,t2,s6,u5,,l7,"Lesson 7"
g9,t2,s6,u5,,l6,"Lesson 6"
g9,t2,s6,u5,,l5,"Lesson 5"
g9,t2,s6,u5,,l4,"Lesson 4"
g9,t2,s6,u5,,l3,"Lesson 3"
g9,t2,s6,u5,,l2,"Lesson 2"
g9,t2,s6,u5,,l1,"Lesson 1"
g9,t2,s6,u4,,l2,"Lesson 2"
g9,t2,s6,u4,,l1,"Lesson 1"
g9,t2,s6,u3,,l7,"Lesson 7"
g9,t2,s6,u3,,l6,"Lesson 6"
g9,t2,s6,u3,,l5,"Lesson 5"
g9,t2,s6,u3,,l4,"Lesson 4"
g9,t2,s6,u3,,l3,"Lesson 3"
g9,t2,s6,u3,,l2,"Lesson 2"
g9,t2,s6,u3,,l1,"Lesson 1"
g9,t2,s6,u2,,l7,"Lesson 7"
g9,t2,s6,u2,,l6,"Lesson 6"
g9,t2,s6,u2,,l5,"Lesson 5"
g9,t2,s6,u2,,l4,"Lesson 4"
g9,t2,s6,u2,,l3,"Lesson 3"
g9,t2,s6,u2,,l2,"Lesson 2"
g9,t2,s6,u2,,l1,"Lesson 1"
g9,t2,s6,u1,,l7,"Lesson 7"
g9,t2,s6,u1,,l6,"Lesson 6"
g9,t2,s6,u1,,l5,"Lesson 5"
g9,t2,s6,u1,,l4,"Lesson 4"
g9,t2,s6,u1,,l3,"Lesson 3"
g9,t2,s6,u1,,l2,"Lesson 2"
g9,t2,s6,u1,,l1,"Lesson 1"
g9,t2,s4,u4,,l1,"الدرس الأول: 
                التنظيم الهرمونى فى الإنسان."
g9,t2,s4,u3,,l1,"الدرس الأول: 
                المبادىء الأساسية للوراثة"
g9,t2,s4,u2,,l3,"الدرس الثالث:
                النشاط الإشعاعى والطاقة النووية"
g9,t2,s4,u2,,l2,"الدرس الثانى:
                التيار الكهربى والأعمدة الكهربائية"
g9,t2,s4,u2,,l1,"الدرس الأول: 
                الخصائص الفيزيائية للتيارالكهربى"
g9,t2,s4,u1,,l2,"الموضوع الثانى: 
                سرعة التفاعل الكيميائى"
g9,t2,s4,u1,,l1,"الدرس الأول: 
                التفاعلات الكيميائية"
g9,t2,s3,u5,,l7,"الزاوية المماسية"
g9,t2,s3,u5,,l6,"العلاقة بين مماسات الدائرة"
g9,t2,s3,u5,,l5,"خواص الشكل الرباعي الدائري"
g9,t2,s3,u5,,l4,"الشكل الرباعي الدائري"
g9,t2,s3,u5,,l3,"الزوايا المحيطية المرسومة على نفس القوس"
g9,t2,s3,u5,,l2,"العلاقة بين الزاويتين المحيطية والمركزية المشتركتين في القوس"
g9,t2,s3,u5,,l1,"الزاوية المركزية وقياس الأقواس"
g9,t2,s3,u4,,l4,"علاقة أوتار الدائرة بمركزها"
g9,t2,s3,u4,,l3,"تعيين الدائرة"
g9,t2,s3,u4,,l2,"أوضاع نقطة وخط مستقيم ودائرة بالنسبة لدائرة"
g9,t2,s3,u4,,l1,"تعاريف ومفاهيم أساسية"
g9,t2,s3,u3,,l2,"الحدث المكمل ، والفرق بين حدثين"
g9,t2,s3,u3,,l1,"العمليات على الأحداث"
g9,t2,s3,u2,,l4,"العمليات على الكسور الجبرية"
g9,t2,s3,u2,,l3,"تساوى كسرين جبريين"
g9,t2,s3,u2,,l2,"الدالة الكسرية الجرية"
g9,t2,s3,u2,,l1,"مجموعة اصفار الدالة كثيرة الحدود"
g9,t2,s3,u1,,l3,"حل معادلتين فى متغيرين أحداهما من الدرجة الأولى والأخرى من الدرجة الثانية جبريًا وبيانياً"
g9,t2,s3,u1,,l2,"حل معادلة من الدرجة الثانية فى مجهول واحد جبريًا وبيانياً"
g9,t2,s3,u1,,l1,"حل معادلتين من الدرجة الأولى فى متغيرين جبريًا وبيانياً"
g9,t2,s2,u4,,l2,"الدرس الثاني: مصر والمنظمات الإقليمية والدولية"
g9,t2,s2,u4,,l1,"الدرس الأول: الحياة النيابية والحزبية ودور المرأة في العمل الوطني"
g9,t2,s2,u3,,l5,"الدرس الخامس: ثورة 25 يناير 2011 و 30 يونيو 2013"
g9,t2,s2,u3,,l4,"الدرس الرابع: مصر والصراع العربي الإسرائيلي"
g9,t2,s2,u3,,l3,"الدرس الثالث: حرب أكتوبر 1973م"
g9,t2,s2,u3,,l2,"الدرس الثاني: مصر والقضية الفلسطينية"
g9,t2,s2,u3,,l1,"الدرس الأول: ثورة 23 يوليو 1952م"
g9,t2,s2,u2,,l5,"الدرس الخامس: الولايات المتحدة الأمريكية"
g9,t2,s2,u2,,l4,"الدرس الرابع: ألمانيا الاتحادية"
g9,t2,s2,u2,,l3,"الدرس الثالث: جمهورية نيجيريا الاتحادية"
g9,t2,s2,u2,,l2,"الدرس الثاني: جمهورية البرازيل الاتحادية"
g9,t2,s2,u2,,l1,"الدرس الأول: جمهورية الهند"
g9,t2,s2,u1,,l4,"الدرس الرابع: النشاط الصناعي في العالم"
g9,t2,s2,u1,,l3,"الدرس الثالث: النشاط التعديني في العالم"
g9,t2,s2,u1,,l2,"الدرس الثاني: الرعي والثروة الحيوانية والسمكية في العالم"
g9,t2,s2,u1,,l1,"الدرس الأول: النشاط الزراعي وموارده في العالم"
g9,t2,s1,u3,,l4,"المشروعات الصغيرة"
g9,t2,s1,u3,,l3,"حب الوطن"
g9,t2,s1,u3,,l2,"الحمامة المطوقة"
g9,t2,s1,u3,,l1,"استعن بالله"
g9,t2,s1,u2,,l3,"فالق الحب والنوى"
g9,t2,s1,u2,,l2,"وادي الكنانة"
g9,t2,s1,u2,,l1,"رسالة إلى ابني"
g9,t2,s1,u1,,l3,"رحلات تاريخية"
g9,t2,s1,u1,,l2,"الحياة دقائق وثوان"
g9,t2,s1,u1,,l1,"سفينة نوح عليه السلام"
g9,t1,s8,u4,,l2,"Lesson 2 : Sexual and Asexual Reproduction"
g9,t1,s8,u4,,l1,"Lesson 1 :Cell Division"
g9,t1,s8,u3,,l1,"Lesson 1 : The Universe and The Solar System"
g9,t1,s8,u2,,l2,"Lesson 2 : Lenses"
g9,t1,s8,u2,,l1,"Lesson 1 :Mirrors"
g9,t1,s8,u1,,l3,"Lesson 3 : Physical Quantities; Scalars and Vectors"
g9,t1,s8,u1,,l2,"Lesson 2:
            Graphic Representation of the Motion in a Straight Line"
g9,t1,s8,u1,,l1,"Lesson 1:
            Motion in One Direction"
g9,t1,s7,u5,,l4,"4-	The Equation of the straight line given its slope and its y - intercept"
g9,t1,s7,u5,,l3,"3-	The slope of the straight line"
g9,t1,s7,u5,,l2,"2-	The Two Coordinates of the midpoint segment"
g9,t1,s7,u5,,l1,"1-	Distance between two points"
g9,t1,s7,u4,,l2,"2-	The main trigonometrically ratios of some angle"
g9,t1,s7,u4,,l1,"1-	The main trigonometrically ratios of the acute angle"
g9,t1,s7,u3,,l2,"2-	Dispersion"
g9,t1,s7,u3,,l1,"1-	Collecting Data"
g9,t1,s7,u2,,l3,"3-	Direct Variation and Inverse Variation"
g9,t1,s7,u2,,l2,"2-	Proportion"
g9,t1,s7,u2,,l1,"1-	Ratio"
g9,t1,s7,u1,,l4,"4-	Polynomial functions"
g9,t1,s7,u1,,l3,"3-	Functions (Mapping)"
g9,t1,s7,u1,,l2,"2-	Relations"
g9,t1,s7,u1,,l1,"1-	Cartesian product"
g9,t1,s6,u8,,l2,"Lesson 2"
g9,t1,s6,u8,,l1,"Lesson 1"
g9,t1,s6,u7,,l7,"Lesson 7"
g9,t1,s6,u7,,l6,"Lesson 6"
g9,t1,s6,u7,,l5,"Lesson 5"
g9,t1,s6,u7,,l4,"Lesson 4"
g9,t1,s6,u7,,l3,"Lesson 3"
g9,t1,s6,u7,,l2,"Lesson 2"
g9,t1,s6,u7,,l1,"Lesson 1"
g9,t1,s6,u6,,l7,"Lesson 7"
g9,t1,s6,u6,,l6,"Lesson 6"
g9,t1,s6,u6,,l5,"Lesson 5"
g9,t1,s6,u6,,l4,"Lesson 4"
g9,t1,s6,u6,,l3,"Lesson 3"
g9,t1,s6,u6,,l2,"Lesson 2"
g9,t1,s6,u6,,l1,"Lesson 1"
g9,t1,s6,u5,,l7,"Lesson 7"
g9,t1,s6,u5,,l6,"Lesson 6"
g9,t1,s6,u5,,l5,"Lesson 5"
g9,t1,s6,u5,,l4,"Lesson 4"
g9,t1,s6,u5,,l3,"Lesson 3"
g9,t1,s6,u5,,l2,"Lesson 2"
g9,t1,s6,u5,,l1,"Lesson 1"
g9,t1,s6,u4,,l2,"Lesson 2"
g9,t1,s6,u4,,l1,"Lesson 1"
g9,t1,s6,u3,,l7,"Lesson 7"
g9,t1,s6,u3,,l6,"Lesson 6"
g9,t1,s6,u3,,l5,"Lesson 5"
g9,t1,s6,u3,,l4,"Lesson 4"
g9,t1,s6,u3,,l3,"Lesson 3"
g9,t1,s6,u3,,l2,"Lesson 2"
g9,t1,s6,u3,,l1,"Lesson 1"
g9,t1,s6,u2,,l7,"Lesson 7"
g9,t1,s6,u2,,l6,"Lesson 6"
g9,t1,s6,u2,,l5,"Lesson 5"
g9,t1,s6,u2,,l4,"Lesson 4"
g9,t1,s6,u2,,l3,"Lesson 3"
g9,t1,s6,u2,,l2,"Lesson 2"
g9,t1,s6,u2,,l1,"Lesson 1"
g9,t1,s6,u1,,l7,"Lesson 7"
g9,t1,s6,u1,,l6,"Lesson 6"
g9,t1,s6,u1,,l5,"Lesson 5"
g9,t1,s6,u1,,l4,"Lesson 4"
g9,t1,s6,u1,,l3,"Lesson 3"
g9,t1,s6,u1,,l2,"Lesson 2"
g9,t1,s6,u1,,l1,"Lesson 1"
g9,t1,s4,u4,,l2,"الدرس الثانى:
                التكاثر اللاجنسى والجنسى"
g9,t1,s4,u4,,l1,"الدرس الأول: 
                الانقسام الخلوى"
g9,t1,s4,u3,,l1,"الدرس الأول: 
                الكون والنظام الشمسى"
g9,t1,s4,u2,,l2,"الدرس الثانى: 
                العدسات"
g9,t1,s4,u2,,l1,"الدرس الأول: 
                المرايا"
g9,t1,s4,u1,,l3,"الدرس  الثالث:
                الكميات الفيزيائية القياسية والمتجهة"
g9,t1,s4,u1,,l2,"الدرس الثانى: 
                التمثيل البيانى للحركة فى خط مستقيم"
g9,t1,s4,u1,,l1,"الدرس الأول:
                الحركة فى اتجاة واحد"
g9,t1,s3,u5,,l4,"معادلة الخط المستقيم بمعلومية ميله وطول الجزء المقطوع من محور الصادات"
g9,t1,s3,u5,,l3,"ميل الخط المستقيم"
g9,t1,s3,u5,,l2,"إحداثيا منتصف قطعة مستقيمة"
g9,t1,s3,u5,,l1,"البعد بين نقطتين"
g9,t1,s3,u4,,l2,"النسب المثلثية الأساسية لبعض الزوايا"
g9,t1,s3,u4,,l1,"النسب المثلثية الأساسية للزاوية الحادة"
g9,t1,s3,u3,,l2,التشتت
g9,t1,s3,u3,,l1,"جمع البيانات"
g9,t1,s3,u2,,l3,"التغير الطردي والتغير العكسي"
g9,t1,s3,u2,,l2,التناسب
g9,t1,s3,u2,,l1,النسبة
g9,t1,s3,u1,,l4,"كثيرات الحدود"
g9,t1,s3,u1,,l3,"الدالة (التطبيق)"
g9,t1,s3,u1,,l2,العلاقات
g9,t1,s3,u1,,l1,"حاصل الضرب الديكارتى"
g9,t1,s2,u4,,l4,"الدرس الرابع: مصر من الحماية البريطانية حتى ثورة يوليو 1952م"
g9,t1,s2,u4,,l3,"الدرس الثالث: الكفاح الوطني ضد الاحتلال البريطاني"
g9,t1,s2,u4,,l2,"الدرس الثاني: الحركة الوطنية والثورة العرابية"
g9,t1,s2,u4,,l1,"الدرس الأول: خلفاء محمد علي وازدياد النفوذ الأجنبي"
g9,t1,s2,u3,,l4,"الدرس الرابع: محمد علي وبناء مصر الحديثة"
g9,t1,s2,u3,,l3,"الدرس الثالث: ثورة الشعب المصري وتولية (محمد علي )"
g9,t1,s2,u3,,l2,"الدرس الثاني: الحملة الفرنسية على مصر ( 1798-1801م)"
g9,t1,s2,u3,,l1,"الدرس الأول: مصر بين المماليك والعثمانيين"
g9,t1,s2,u2,,l3,"الدرس الثالث: خصائص السكان"
g9,t1,s2,u2,,l2,"الدرس الثاني: توزيع السكان في العالم"
g9,t1,s2,u2,,l1,"الدرس الأول: السلالات البشرية في العالم"
g9,t1,s2,u1,,l3,"الدرس الثالث: المناخ والنبات الطبيعي في العالم"
g9,t1,s2,u1,,l2,"الدرس الثاني: تضاريس العالم"
g9,t1,s2,u1,,l1,"الدرس الأول: قارات العالم (الموقع والمساحة)"
g9,t1,s1,u3,,l3,الكتاب
g9,t1,s1,u3,,l2,"زراعة الفضاء"
g9,t1,s1,u3,,l1,"فضل العلم"
g9,t1,s1,u2,,l4,"طريق النور"
g9,t1,s1,u2,,l3,"آيات العلم"
g9,t1,s1,u2,,l2,"سميرة موسى"
g9,t1,s1,u2,,l1,"رحمة ومحبة"
g9,t1,s1,u1,,l3,"قصة أثر"
g9,t1,s1,u1,,l2,"كن جملًا"
g9,t1,s1,u1,,l1,"عباد الرحمن&gt;"
g8,t2,s8,u3,,l2,"Lesson 2: Reproduction in Humans"
g8,t2,s8,u3,,l1,"Lesson 1 :Reproduction in Plants"
g8,t2,s8,u2,,l3,"Lesson 3 : Reflection and Refraction of Light"
g8,t2,s8,u2,,l2,"Lesson 2 : Waves Nature of Light"
g8,t2,s8,u2,,l1,"Lesson 1 :Properties of Sound Waves"
g8,t2,s8,u1,,l2,"Lesson 2:
            Wave Motion"
g8,t2,s8,u1,,l1,"Lesson 1:
            Oscillatory  Motion"
g8,t2,s7,u5,,l5,"5-	Classifying of triangles according to their angles"
g8,t2,s7,u5,,l4,"4-	Euclidean theorem"
g8,t2,s7,u5,,l3,"3-	Projection"
g8,t2,s7,u5,,l2,"2-	Converse of Pythagoras theorem"
g8,t2,s7,u5,,l1,"1-	Similarity"
g8,t2,s7,u4,,l3,"3-	Areas of some geometric figures"
g8,t2,s7,u4,,l2,"2-	Equality of the areas of two triangles"
g8,t2,s7,u4,,l1,"1-	Equality of the areas of two parallelograms"
g8,t2,s7,u3,,l1,"1-	Probability"
g8,t2,s7,u2,,l4,"4-	Operations integer power in R"
g8,t2,s7,u2,,l3,"3-	Rules for negative integer power in R"
g8,t2,s7,u2,,l2,"2-	Rules of non-negative integer power in R"
g8,t2,s7,u2,,l1,"1-	Non-negative and negative integer powers in R"
g8,t2,s7,u1,,l7,"7-	Solving Quadratic Equation in one Variable"
g8,t2,s7,u1,,l6,"6-	Factoring by completing the square"
g8,t2,s7,u1,,l5,"5-	Factorizing by Grouping"
g8,t2,s7,u1,,l4,"4-	Factorizing the sum &amp; difference of two Cubes"
g8,t2,s7,u1,,l3,"3-	Factoring the difference of two Squares"
g8,t2,s7,u1,,l2,"2-	Factoring the Perfect-Square Trinomial"
g8,t2,s7,u1,,l1,"1-	Factorizing Trinomials"
g8,t2,s6,u8,,l2,"Lesson 2"
g8,t2,s6,u8,,l1,"Lesson 1"
g8,t2,s6,u7,,l7,"Lesson 7"
g8,t2,s6,u7,,l6,"Lesson 6"
g8,t2,s6,u7,,l5,"Lesson 5"
g8,t2,s6,u7,,l4,"Lesson 4"
g8,t2,s6,u7,,l3,"Lesson 3"
g8,t2,s6,u7,,l2,"Lesson 2"
g8,t2,s6,u7,,l1,"Lesson 1"
g8,t2,s6,u6,,l7,"Lesson 7"
g8,t2,s6,u6,,l6,"Lesson 6"
g8,t2,s6,u6,,l5,"Lesson 5"
g8,t2,s6,u6,,l4,"Lesson 4"
g8,t2,s6,u6,,l3,"Lesson 3"
g8,t2,s6,u6,,l2,"Lesson 2"
g8,t2,s6,u6,,l1,"Lesson 1"
g8,t2,s6,u5,,l7,"Lesson 7"
g8,t2,s6,u5,,l6,"Lesson 6"
g8,t2,s6,u5,,l5,"Lesson 5"
g8,t2,s6,u5,,l4,"Lesson 4"
g8,t2,s6,u5,,l3,"Lesson 3"
g8,t2,s6,u5,,l2,"Lesson 2"
g8,t2,s6,u5,,l1,"Lesson 1"
g8,t2,s6,u4,,l2,"Lesson 2"
g8,t2,s6,u4,,l1,"Lesson 1"
g8,t2,s6,u3,,l7,"Lesson 7"
g8,t2,s6,u3,,l6,"Lesson 6"
g8,t2,s6,u3,,l5,"Lesson 5"
g8,t2,s6,u3,,l4,"Lesson 4"
g8,t2,s6,u3,,l3,"Lesson 3"
g8,t2,s6,u3,,l2,"Lesson 2"
g8,t2,s6,u3,,l1,"Lesson 1"
g8,t2,s6,u2,,l7,"Lesson 7"
g8,t2,s6,u2,,l6,"Lesson 6"
g8,t2,s6,u2,,l5,"Lesson 5"
g8,t2,s6,u2,,l4,"Lesson 4"
g8,t2,s6,u2,,l3,"Lesson 3"
g8,t2,s6,u2,,l2,"Lesson 2"
g8,t2,s6,u2,,l1,"Lesson 1"
g8,t2,s6,u1,,l7,"Lesson 7"
g8,t2,s6,u1,,l6,"Lesson 6"
g8,t2,s6,u1,,l5,"Lesson 5"
g8,t2,s6,u1,,l4,"Lesson 4"
g8,t2,s6,u1,,l3,"Lesson 3"
g8,t2,s6,u1,,l2,"Lesson 2"
g8,t2,s6,u1,,l1,"Lesson 1"
g8,t2,s4,u3,,l2,"الدرس الثانى:
                التكاثر فى الإنسان"
g8,t2,s4,u3,,l1,"الدرس الأول :  
                التكاثر فى النبات
                تركيب الزهرة النموذجية"
g8,t2,s4,u2,,l3,"الدرس الثالث: 
                انعكاس وانكسار الضوء"
g8,t2,s4,u2,,l2,"الدرس الثانى
                : الطبيعة الموجية للضوء"
g8,t2,s4,u2,,l1,"الدرس الأول: 
                خصائص الموجات الصوتية"
g8,t2,s4,u1,,l2,"الدرس الثانى: 
                الحركة الموجية"
g8,t2,s4,u1,,l1,"الدرس الأول:
                الحركة الاهتزازية"
g8,t2,s3,u5,,l5,"التعرف على نوع المثلث بالنسبة لزواياه"
g8,t2,s3,u5,,l4,"نظرية اقليدس"
g8,t2,s3,u5,,l3,المساقط
g8,t2,s3,u5,,l2,"عكس نظرية فيثاغورث"
g8,t2,s3,u5,,l1,التشابه
g8,t2,s3,u4,,l3,"مساحات بعض الاشكال الهندسية"
g8,t2,s3,u4,,l2,"تساوى مساحتي مثلثين"
g8,t2,s3,u4,,l1,"تساوى مساحتي متوازي الأضلاع"
g8,t2,s3,u3,,l1,الاحتمال
g8,t2,s3,u2,,l4,"العمليات الحسابية باستخدام القوى الصحيحة"
g8,t2,s3,u2,,l3,"قوانين القوى الصحيحة السالبة  في ح"
g8,t2,s3,u2,,l2,"قوانين القوى الصحيحة غير السالبة في ح"
g8,t2,s3,u2,,l1,"القوى الصحيحة السالبة وغير السالبة في ح"
g8,t2,s3,u1,,l7,"حل المعادلة من الدرجة الثانية في متغير واحد جبرياً"
g8,t2,s3,u1,,l6,"التحليل بإكمال المربع"
g8,t2,s3,u1,,l5,"التحليل بالتقسيم"
g8,t2,s3,u1,,l4,"تحليل مجموع مكعبين والفرق بينهم"
g8,t2,s3,u1,,l3,"تحليل الفرق بين مربعين"
g8,t2,s3,u1,,l2,"المقدار الثلاثي على صورة المربع الكامل"
g8,t2,s3,u1,,l1,"تحليل المقدار الثلاثي"
g8,t2,s2,u5,,l2,"الدرس الثاني: المشاركة التطوعية"
g8,t2,s2,u5,,l1,"الدرس الأول: دعائم المجتمع الإسلامي والمواطنة الصالحة"
g8,t2,s2,u4,,l3,"الدرس الثالث: روائع الحضارة الإسلامية في العلوم والآداب"
g8,t2,s2,u4,,l2,"الدرس الثاني: روائع الحضارة الإسلامية في النظام الاقتصادي والاجتماعي"
g8,t2,s2,u4,,l1,"الدرس الأول: روائع الحضارة الإسلامية في الحكم والإدارة"
g8,t2,s2,u3,,l5,"الدرس الخامس: دولة المماليك"
g8,t2,s2,u3,,l4,"الدرس الرابع: الدولة الأيوبية"
g8,t2,s2,u3,,l3,"الدرس الثالث: الدولة الفاطمية"
g8,t2,s2,u3,,l2,"الدرس الثاني: الدولة العباسية"
g8,t2,s2,u3,,l1,"الدرس الأول: الدولة الأموية"
g8,t2,s2,u2,,l4,"الدرس الرابع: التكامل الاقتصادي العربي"
g8,t2,s2,u2,,l3,"الدرس الثالث: السياحة في وطننا العربي"
g8,t2,s2,u2,,l2,"الدرس الثاني: الصناعة والتجارة"
g8,t2,s2,u2,,l1,"الدرس الأول: المعادن ومصادر الطاقة"
g8,t2,s2,u1,,l3,"الدرس الثالث: الثروة الحيوانية والسمكية في وطننا العربي"
g8,t2,s2,u1,,l2,"الدرس الثاني: المحاصيل الزراعية (خيرات في أرضنا)"
g8,t2,s2,u1,,l1,"الدرس الأول: الزراعة في وطننا العربي"
g8,t2,s1,u3,,l3,"اللغة العربية تنعى حظها"
g8,t2,s1,u3,,l2,"القراءة حياة للحياة"
g8,t2,s1,u3,,l1,"لغة خالدة"
g8,t2,s1,u2,,l4,"العلم واجب&gt;"
g8,t2,s1,u2,,l3,"عالم من ذهب"
g8,t2,s1,u2,,l2,"تبارك الله أحسن الخالقين"
g8,t2,s1,u2,,l1,"اختراعات عربية"
g8,t2,s1,u1,,l3,الفلاح
g8,t2,s1,u1,,l2,"الخلق كنز لايفنى"
g8,t2,s1,u1,,l1,"الكنز قبل أن يضيع"
g8,t1,s8,u3,,l2,"Lesson 2: Extinction"
g8,t1,s8,u3,,l1,"Lesson 1 : Fossils"
g8,t1,s8,u2,,l2,"Lesson 2 : Erosion of ozone layer and global warming"
g8,t1,s8,u2,,l1,"Lesson 1 :Atmospheric layers"
g8,t1,s8,u1,,l4,"Lesson 4 : water"
g8,t1,s8,u1,,l3,"Lesson 3 : Main groups in the modern periodic table"
g8,t1,s8,u1,,l2,"Lesson 2:
            Graduation of elements properties in the modern periodic table"
g8,t1,s8,u1,,l1,"Lesson 1:
            Attempts of elements classification"
g8,t1,s7,u5,,l4,"4-	Triangle inequality"
g8,t1,s7,u5,,l3,"3-	Comparing the lengths of sides in a triangle"
g8,t1,s7,u5,,l2,"2-	Comparing the measures of the angles of a triangle"
g8,t1,s7,u5,,l1,"1-	Inequality"
g8,t1,s7,u4,,l4,"4-	Corollaries of isosceles triangle theorems"
g8,t1,s7,u4,,l3,"3-	The isosceles triangle theorems"
g8,t1,s7,u4,,l2,"2-	The isosceles triangle"
g8,t1,s7,u4,,l1,"1-	The medians of a triangle"
g8,t1,s7,u3,,l3,"3-	Arithmetic mean, median and mode"
g8,t1,s7,u3,,l2,"2-	The ascending and descending cumulative frequency table and their graphical representation"
g8,t1,s7,u3,,l1,"1-	Collecting and organizing data"
g8,t1,s7,u2,,l2,"2-	The slope of a line and real-life applications"
g8,t1,s7,u2,,l1,"1-	Linear relation of two variables"
g8,t1,s7,u1,,l9,"9-	Operations on the cube roots"
g8,t1,s7,u1,,l8,"8-	Operations on the square roots"
g8,t1,s7,u1,,l7,"7-	Operations on the real numbers"
g8,t1,s7,u1,,l6,"6-	Intervals"
g8,t1,s7,u1,,l5,"5-	Ordering numbers at R"
g8,t1,s7,u1,,l4,"4-	The set of real numbers R"
g8,t1,s7,u1,,l3,"3-	Finding the approximate value of an irrational number"
g8,t1,s7,u1,,l2,"2-	The set of irrational number Q'"
g8,t1,s7,u1,,l11,"11-	Solving equations and inequalities of first degree in one variable in R"
g8,t1,s7,u1,,l10,"10-	Applications on the real numbers"
g8,t1,s7,u1,,l1,"1-	The cube root of a rational number"
g8,t1,s6,u8,,l2,"Lesson 2"
g8,t1,s6,u8,,l1,"Lesson 1"
g8,t1,s6,u7,,l7,"Lesson 7"
g8,t1,s6,u7,,l6,"Lesson 6"
g8,t1,s6,u7,,l5,"Lesson 5"
g8,t1,s6,u7,,l4,"Lesson 4"
g8,t1,s6,u7,,l3,"Lesson 3"
g8,t1,s6,u7,,l2,"Lesson 2"
g8,t1,s6,u7,,l1,"Lesson 1"
g8,t1,s6,u6,,l7,"Lesson 7"
g8,t1,s6,u6,,l6,"Lesson 6"
g8,t1,s6,u6,,l5,"Lesson 5"
g8,t1,s6,u6,,l4,"Lesson 4"
g8,t1,s6,u6,,l3,"Lesson 3"
g8,t1,s6,u6,,l2,"Lesson 2"
g8,t1,s6,u6,,l1,"Lesson 1"
g8,t1,s6,u5,,l7,"Lesson 7"
g8,t1,s6,u5,,l6,"Lesson 6"
g8,t1,s6,u5,,l5,"Lesson 5"
g8,t1,s6,u5,,l4,"Lesson 4"
g8,t1,s6,u5,,l3,"Lesson 3"
g8,t1,s6,u5,,l2,"Lesson 2"
g8,t1,s6,u5,,l1,"Lesson 1"
g8,t1,s6,u4,,l2,"Lesson 2"
g8,t1,s6,u4,,l1,"Lesson 1"
g8,t1,s6,u3,,l7,"Lesson 7"
g8,t1,s6,u3,,l6,"Lesson 6"
g8,t1,s6,u3,,l5,"Lesson 5"
g8,t1,s6,u3,,l4,"Lesson 4"
g8,t1,s6,u3,,l3,"Lesson 3"
g8,t1,s6,u3,,l2,"Lesson 2"
g8,t1,s6,u3,,l1,"Lesson 1"
g8,t1,s6,u2,,l7,"Lesson 7"
g8,t1,s6,u2,,l6,"Lesson 6"
g8,t1,s6,u2,,l5,"Lesson 5"
g8,t1,s6,u2,,l4,"Lesson 4"
g8,t1,s6,u2,,l3,"Lesson 3"
g8,t1,s6,u2,,l2,"Lesson 2"
g8,t1,s6,u2,,l1,"Lesson 1"
g8,t1,s6,u1,,l7,"Lesson 7"
g8,t1,s6,u1,,l6,"Lesson 6"
g8,t1,s6,u1,,l5,"Lesson 5"
g8,t1,s6,u1,,l4,"Lesson 4"
g8,t1,s6,u1,,l3,"Lesson 3"
g8,t1,s6,u1,,l2,"Lesson 2"
g8,t1,s6,u1,,l1,"Lesson 1"
g8,t1,s4,u3,,l2,"الدرس الثانى : الانقراض"
g8,t1,s4,u3,,l1,"الدرس الأول:  
                الحفريات"
g8,t1,s4,u2,,l2,"لدرس الثانى: 
                تآكل طبقة الأوزون وارتفاع درجة حرارة الأرض"
g8,t1,s4,u2,,l1,"الدرس الأول: 
                طبقات الغلاف الجوى"
g8,t1,s4,u1,,l4,"الدرس الرابع: 
                الماء"
g8,t1,s4,u1,,l3,"الدرس الثالث:
                المجموعات الرئيسية بالجدول الدورى الحديث"
g8,t1,s4,u1,,l2,"الدرس الثانى:
                تدرج خواص العناصر فى الجدول الدورى الحديث"
g8,t1,s4,u1,,l1,"الدرس الأول:
                محاولات تصنيف العناصر"
g8,t1,s3,u5,,l4,"متباينة المثلث"
g8,t1,s3,u5,,l3,"المقارنة بين أطوال الأضلاع فى المثلث"
g8,t1,s3,u5,,l2,"المقارنة بين قياسات الزوايا في المثلث"
g8,t1,s3,u5,,l1,التباين
g8,t1,s3,u4,,l4,"نتائج على نظريات المثلث المتساوي الساقين"
g8,t1,s3,u4,,l3,"نظريات المثلث المتساوي الساقين"
g8,t1,s3,u4,,l2,"المثلث المتساوي الساقين"
g8,t1,s3,u4,,l1,"متوسطات المثلث"
g8,t1,s3,u3,,l3,"الوسط الحسابي -  الوسيط - المنوال"
g8,t1,s3,u3,,l2,"الجدول التكراري المتجمع الصاعد والجدول  التكراري المتجمع الهابط  وتمثيلهما بيانيًا"
g8,t1,s3,u3,,l1,"جمع البيانات وتنظيمها"
g8,t1,s3,u2,,l2,"ميل الخط المستقيم  وتطبيقات حياتية"
g8,t1,s3,u2,,l1,"لعلاقة بين متغيرين"
g8,t1,s3,u1,,l9,"العمليات على الجذور التكعيبية"
g8,t1,s3,u1,,l8,"العمليات على الجذور التربيعية"
g8,t1,s3,u1,,l7,الفترات
g8,t1,s3,u1,,l6,"العمليات على الأعداد الحقيقة"
g8,t1,s3,u1,,l5,"علاقة الترتيب في ح"
g8,t1,s3,u1,,l4,"مجموعة الأعداد الحقيقية"
g8,t1,s3,u1,,l3,"إيجاد قيمة تقريبية لعدد غير نسبى"
g8,t1,s3,u1,,l2,"مجموعة الأعداد غير النسبية ن̀"
g8,t1,s3,u1,,l11,"حل المعادلات والمتباينات من الدرجة الأولى في متغير واحد في ح"
g8,t1,s3,u1,,l10,"تطبيقات على الأعداد  الحقيقية"
g8,t1,s3,u1,,l1,"الجذر التكعيبي للعدد النسبي"
g8,t1,s2,u4,,l4,"الدرس الرابع: خلافة على بن أبي طالب رضى الله عنه (35-40هـ)"
g8,t1,s2,u4,,l3,"الدرس الثالث: خلافة عثمان بن عفان رضى الله عنه (23-35هـ)"
g8,t1,s2,u4,,l2,"الدرس الثاني: خلافة عمر بن الخطاب رضى الله عنه 13-23هـ"
g8,t1,s2,u4,,l1,"الدرس الأول: خلافة أبي بكر الصديق رضى الله عنه 11-13هـ"
g8,t1,s2,u3,,l5,"الدرس الرابع: غزوات الرسول (صلى الله عليه وسلم) دعوته وكفاحه"
g8,t1,s2,u3,,l4,"الدرس الثالث: هجرة النبي محمد (صلى الله عليه وسلم) وبناء الدولة"
g8,t1,s2,u3,,l3,"الدرس الثاني: بعثة النبي محمد (صلى الله عليه وسلم)"
g8,t1,s2,u3,,l2,"الدرس الأول: محمد (صلى الله عليه وسلم) المولد والنشأة"
g8,t1,s2,u3,,l1,"درس تمهيدي: أحوال شبه الجزيرة العربية قبل ظهور الإسلام"
g8,t1,s2,u2,,l2,"الدرس الثاني: خصائص سكان وطننا العربي"
g8,t1,s2,u2,,l1,"الدرس الأول: توزيع سكان وطننا العربي"
g8,t1,s2,u1,,l3,"الدرس الثالث: المناخ والنبات الطبيعي في وطننا العربي"
g8,t1,s2,u1,,l2,"الدرس الثاني: تضاريس وطننا العربي"
g8,t1,s2,u1,,l1,"الدرس الأول: وطننا العربي( الموقع والمساحة)"
g8,t1,s1,u3,,l5,"ذكريات أكتوبر&gt;"
g8,t1,s1,u3,,l4,"سيناء أرض الفيروز"
g8,t1,s1,u3,,l3,"نصر أكتوبر العظيم"
g8,t1,s1,u3,,l2,"طيار مقاتل مرة أخرى"
g8,t1,s1,u3,,l1,"منتصر ومجاهد"
g8,t1,s1,u2,,l3,"في حب مصر"
g8,t1,s1,u2,,l2,"من أجل مصر"
g8,t1,s1,u2,,l1,"لو أنني ضابط شرطة"
g8,t1,s1,u1,,l3,"عهد الطفولة"
g8,t1,s1,u1,,l2,"كبرياء طفل"
g8,t1,s1,u1,,l1,"نصائح غالية"
g7,t2,s8,u3,,l3,"Lesson 2: Rocks and minerals"
g7,t2,s8,u3,,l2,"Lesson 2: The Earth"
g7,t2,s8,u3,,l1,"Lesson 1 :The Celestial bodies"
g7,t2,s8,u2,,l3,"Lesson 3 : Motion"
g7,t2,s8,u2,,l2,"Lesson 2 : Accompanied forces  with motion"
g7,t2,s8,u2,,l1,"Lesson 1 :Fundamental forces in nature"
g7,t2,s8,u1,,l3,"Lesson 3 :Chemical Equations and reactions."
g7,t2,s8,u1,,l2,"Lesson 2:
            Chemical Compounds"
g7,t2,s8,u1,,l1,"Lesson 1:
            Chemical combination."
g7,t2,s7,u3,,l8,"8-	Rotation"
g7,t2,s7,u3,,l7,"7-	Translation"
g7,t2,s7,u3,,l6,"6-	Reflection"
g7,t2,s7,u3,,l5,"5-	Geometric Transformations"
g7,t2,s7,u3,,l4,"4-	Pythagoras Theorem"
g7,t2,s7,u3,,l3,"3-	The triangle"
g7,t2,s7,u3,,l2,"2-	Polygon"
g7,t2,s7,u3,,l1,"1-	Deductive Proof"
g7,t2,s7,u2,,l2,"2-	Probability"
g7,t2,s7,u2,,l1,"1-	Samples"
g7,t2,s7,u1,,l8,"8-	Inequalities"
g7,t2,s7,u1,,l7,"7-	Solving equations"
g7,t2,s7,u1,,l6,"6-	The square root of a rational number"
g7,t2,s7,u1,,l5,"5-	Order of operations"
g7,t2,s7,u1,,l4,"4-	Scientific notation"
g7,t2,s7,u1,,l3,"3-	Negative integer powers"
g7,t2,s7,u1,,l2,"2-	Non- negative integer powers"
g7,t2,s7,u1,,l1,"1-	Repeated Multiplication"
g7,t2,s6,u8,,l2,"Lesson 2"
g7,t2,s6,u8,,l1,"Lesson 1"
g7,t2,s6,u7,,l7,"Lesson 7"
g7,t2,s6,u7,,l6,"Lesson 6"
g7,t2,s6,u7,,l5,"Lesson 5"
g7,t2,s6,u7,,l4,"Lesson 4"
g7,t2,s6,u7,,l3,"Lesson 3"
g7,t2,s6,u7,,l2,"Lesson 2"
g7,t2,s6,u7,,l1,"Lesson 1"
g7,t2,s6,u6,,l7,"Lesson 7"
g7,t2,s6,u6,,l6,"Lesson 6"
g7,t2,s6,u6,,l5,"Lesson 5"
g7,t2,s6,u6,,l4,"Lesson 4"
g7,t2,s6,u6,,l3,"Lesson 3"
g7,t2,s6,u6,,l2,"Lesson 2"
g7,t2,s6,u6,,l1,"Lesson 1"
g7,t2,s6,u5,,l7,"Lesson 7"
g7,t2,s6,u5,,l6,"Lesson 6"
g7,t2,s6,u5,,l5,"Lesson 5"
g7,t2,s6,u5,,l4,"Lesson 4"
g7,t2,s6,u5,,l3,"Lesson 3"
g7,t2,s6,u5,,l2,"Lesson 2"
g7,t2,s6,u5,,l1,"Lesson 1"
g7,t2,s6,u4,,l2,"Lesson 2"
g7,t2,s6,u4,,l1,"Lesson 1"
g7,t2,s6,u3,,l7,"Lesson 7"
g7,t2,s6,u3,,l6,"Lesson 6"
g7,t2,s6,u3,,l5,"Lesson 5"
g7,t2,s6,u3,,l4,"Lesson 4"
g7,t2,s6,u3,,l3,"Lesson 3"
g7,t2,s6,u3,,l2,"Lesson 2"
g7,t2,s6,u3,,l1,"Lesson 1"
g7,t2,s6,u2,,l7,"Lesson 7"
g7,t2,s6,u2,,l6,"Lesson 6"
g7,t2,s6,u2,,l5,"Lesson 5"
g7,t2,s6,u2,,l4,"Lesson 4"
g7,t2,s6,u2,,l3,"Lesson 3"
g7,t2,s6,u2,,l2,"Lesson 2"
g7,t2,s6,u2,,l1,"Lesson 1"
g7,t2,s6,u1,,l7,"Lesson 7"
g7,t2,s6,u1,,l6,"Lesson 6"
g7,t2,s6,u1,,l5,"Lesson 5"
g7,t2,s6,u1,,l4,"Lesson 4"
g7,t2,s6,u1,,l3,"Lesson 3"
g7,t2,s6,u1,,l2,"Lesson 2"
g7,t2,s6,u1,,l1,"Lesson 1"
g7,t2,s4,u3,,l3,"الدرس الثالث :  
                
                      الصخور والمعادن"
g7,t2,s4,u3,,l2,"الدرس الثاني :  
                
                          كوكب الأرض"
g7,t2,s4,u3,,l1,"الدرس الأول :  
                
                         الأجرام السماوية ."
g7,t2,s4,u2,,l3,"الدرس الثالث : 
               
                      الحركة"
g7,t2,s4,u2,,l2,"الدرس الثانى :  
               
                      القوى المصاحبة للحركة"
g7,t2,s4,u2,,l1,"الدرس الأول : 
              
                     القوى الأساسية فى الطبيعة"
g7,t2,s4,u1,,l3,"الدرس الثالث :
              
                  المعادلة الكيميائية والتفاعل الكيميائى"
g7,t2,s4,u1,,l2,"الدرس الثانى : &gt;
              
                  المركبات الكيميائية"
g7,t2,s4,u1,,l1,"الدرس الأول : 
              
                  الاتحاد الكيميائى"
g7,t2,s3,u3,,l8,الدوران
g7,t2,s3,u3,,l7,الانتقال
g7,t2,s3,u3,,l6,لانعكاس
g7,t2,s3,u3,,l5,"التحويلات الهندسية"
g7,t2,s3,u3,,l4,"نظرية فيثاغورث"
g7,t2,s3,u3,,l3,المثلث
g7,t2,s3,u3,,l2,المضلع
g7,t2,s3,u3,,l1,"البرهان الاستدلالي"
g7,t2,s3,u2,,l2,الاحتمال
g7,t2,s3,u2,,l1,العينات
g7,t2,s3,u1,,l8,"حل المتباينات في ن"
g7,t2,s3,u1,,l7,"حل المعادلات في ن"
g7,t2,s3,u1,,l6,"الجذر التربيعي لعدد نسبى مربع كامل"
g7,t2,s3,u1,,l5,"ترتيب إجراء العمليات الرياضية"
g7,t2,s3,u1,,l4,"الصورة القياسية للعدد النسبي"
g7,t2,s3,u1,,l3,"القوى الصحيحة السالبة"
g7,t2,s3,u1,,l2,"القوى الصحيحة غير السالبة"
g7,t2,s3,u1,,l1,"الضرب المتكرر فى ن"
g7,t2,s2,u5,,l4,"الدرس الرابع: مصر والمسيحية"
g7,t2,s2,u5,,l3,"الدرس الثالث: أنت والقانون"
g7,t2,s2,u5,,l2,"الدرس الثاني: المواطنة (حقوق وواجبات)"
g7,t2,s2,u5,,l1,"الدرس الأول: كيف تكون مواطنا صالحًا؟"
g7,t2,s2,u4,,l4,"الدرس الرابع: مصر والمسيحية"
g7,t2,s2,u4,,l3,"الدرس الثالث: مصر تحت حكم الرومان"
g7,t2,s2,u4,,l2,"الدرس الثاني: مصر تحت حكم البطالمة"
g7,t2,s2,u4,,l1,"الدرس الأول: الإسكندر في مصر"
g7,t2,s2,u3,,l3,"الدرس الثالث: الحياة الثقافية والفكرية (العلم-العمارة-الفن)"
g7,t2,s2,u3,,l2,"الدرس الثاني: إبداعات مصرية (الكتابة –الأدب)"
g7,t2,s2,u3,,l1,"الدرس الأول: الحياة الاجتماعية"
g7,t2,s2,u2,,l3,"الدرس الثالث: الأخطار البيئية"
g7,t2,s2,u2,,l2,"الدرس الثاني: أخطار المياه و الرياح"
g7,t2,s2,u2,,l1,"الدرس الأول: أخطار من باطن الأرض (الزلازل والبراكين)"
g7,t2,s2,u1,,l3,"الدرس الثالث: النبات الطبيعي والحيوان البري"
g7,t2,s2,u1,,l2,"الدرس الثاني: الأقاليم المناخية"
g7,t2,s2,u1,,l1,"الدرس الأول: عناصر المناخ"
g7,t2,s1,u3,,l3,نصائح
g7,t2,s1,u3,,l2,"حق الآخر"
g7,t2,s1,u3,,l1,"رحلات تاريخية"
g7,t2,s1,u2,,l4,"كن بلسمًا"
g7,t2,s1,u2,,l3,التعاون
g7,t2,s1,u2,,l2,"من قصص القرآن الكريم"
g7,t2,s1,u2,,l1,"نور والجغرافيا"
g7,t2,s1,u1,,l3,"هيا نشجع بأخلاق كريمة"
g7,t2,s1,u1,,l2,"من أعمال الخير"
g7,t2,s1,u1,,l1,"تواضع سيدنا عمر"
g7,t1,s8,u3,,l2,"Lesson 2: Adaptation and  Diversity of  Living  Organisms"
g7,t1,s8,u3,,l1,"Lesson 1 : Living Organisms Diversity and principles of Their Classification"
g7,t1,s8,u2,,l3,"Lesson 3 : Heat Energy"
g7,t1,s8,u2,,l2,"Lesson 2 : Energy Transformations"
g7,t1,s8,u2,,l1,"Lesson 1 :Energy; Resources and Forms"
g7,t1,s8,u1,,l3,"Lesson 3 :Atomic Structure of Matter"
g7,t1,s8,u1,,l2,"Lesson 2:
            Matter Construction"
g7,t1,s8,u1,,l1,"Lesson 1:
            Matter and Its characteristics"
g7,t1,s7,u4,,l5,"5-	Geometric constructions"
g7,t1,s7,u4,,l4,"4-	Parallelism"
g7,t1,s7,u4,,l3,"3-	Congruent Triangles"
g7,t1,s7,u4,,l2,"2-	Congruence"
g7,t1,s7,u4,,l1,"1- Geometric concepts"
g7,t1,s7,u3,,l3,"3-	The mode"
g7,t1,s7,u3,,l2,"2-	The median"
g7,t1,s7,u3,,l1,"1-	Arithmetic mean"
g7,t1,s7,u2,,l9,"9-	Factorization by taking out the H. C. F"
g7,t1,s7,u2,,l8,"8-	Dividing algebraic expressions by another"
g7,t1,s7,u2,,l7,"7-	Dividing algebraic expressions by monomial"
g7,t1,s7,u2,,l6,"6-	Multiplying a binomial by an algebraic expression"
g7,t1,s7,u2,,l5,"5-	Multiplying a monomial by an algebraic expression"
g7,t1,s7,u2,,l4,"4-	Addition and Subtraction of algebraic expressions"
g7,t1,s7,u2,,l3,"3-	Multiplying and dividing algebraic terms"
g7,t1,s7,u2,,l2,"2-	Like terms"
g7,t1,s7,u2,,l1,"1-	Algebraic terms and algebraic expressions"
g7,t1,s7,u1,,l8,"8-	Dividing of rational numbers"
g7,t1,s7,u1,,l7,"7-	Properties of multiplication operation in the set of rational numbers"
g7,t1,s7,u1,,l6,"6-	Multiplying of rational numbers"
g7,t1,s7,u1,,l5,"5-	Subtraction of rational numbers"
g7,t1,s7,u1,,l4,"4-	Properties of Addition operation in the Set of rational numbers"
g7,t1,s7,u1,,l3,"3-	Addition of rational numbers"
g7,t1,s7,u1,,l2,"2-	Comparing and ordering rational numbers"
g7,t1,s7,u1,,l1,"1-	Set of rational numbers"
g7,t1,s6,u8,,l2,"Lesson 2"
g7,t1,s6,u8,,l1,"Lesson 1"
g7,t1,s6,u7,,l7,"Lesson 7"
g7,t1,s6,u7,,l6,"Lesson 6"
g7,t1,s6,u7,,l5,"Lesson 5"
g7,t1,s6,u7,,l4,"Lesson 4"
g7,t1,s6,u7,,l3,"Lesson 3"
g7,t1,s6,u7,,l2,"Lesson 2"
g7,t1,s6,u7,,l1,"Lesson 1"
g7,t1,s6,u6,,l7,"Lesson 7"
g7,t1,s6,u6,,l6,"Lesson 6"
g7,t1,s6,u6,,l5,"Lesson 5"
g7,t1,s6,u6,,l4,"Lesson 4"
g7,t1,s6,u6,,l3,"Lesson 3"
g7,t1,s6,u6,,l2,"Lesson 2"
g7,t1,s6,u6,,l1,"Lesson 1"
g7,t1,s6,u5,,l7,"Lesson 7"
g7,t1,s6,u5,,l6,"Lesson 6"
g7,t1,s6,u5,,l5,"Lesson 5"
g7,t1,s6,u5,,l4,"Lesson 4"
g7,t1,s6,u5,,l3,"Lesson 3"
g7,t1,s6,u5,,l2,"Lesson 2"
g7,t1,s6,u5,,l1,"Lesson 1"
g7,t1,s6,u4,,l2,"Lesson 2"
g7,t1,s6,u4,,l1,"Lesson 1"
g7,t1,s6,u3,,l7,"Lesson 7"
g7,t1,s6,u3,,l6,"Lesson 6"
g7,t1,s6,u3,,l5,"Lesson 5"
g7,t1,s6,u3,,l4,"Lesson 4"
g7,t1,s6,u3,,l3,"Lesson 3"
g7,t1,s6,u3,,l2,"Lesson 2"
g7,t1,s6,u3,,l1,"Lesson 1"
g7,t1,s6,u2,,l7,"Lesson 7"
g7,t1,s6,u2,,l6,"Lesson 6"
g7,t1,s6,u2,,l5,"Lesson 5"
g7,t1,s6,u2,,l4,"Lesson 4"
g7,t1,s6,u2,,l3,"Lesson 3"
g7,t1,s6,u2,,l2,"Lesson 2"
g7,t1,s6,u2,,l1,"Lesson 1"
g7,t1,s6,u1,,l7,"Lesson 7"
g7,t1,s6,u1,,l6,"Lesson 6"
g7,t1,s6,u1,,l5,"Lesson 5"
g7,t1,s6,u1,,l4,"Lesson 4"
g7,t1,s6,u1,,l3,"Lesson 3"
g7,t1,s6,u1,,l2,"Lesson 2"
g7,t1,s6,u1,,l1,"Lesson 1"
g7,t1,s4,u3,,l2,"الدرس الثانى :
              
                   التكيف وتنوع الكائنات الحية"
g7,t1,s4,u3,,l1,"الدرس الأول :
              
                  تنوع الكائنات الحية ومبادئ تصنيفها"
g7,t1,s4,u2,,l3,"الدرس الثالث :
              
                   الطاقة الحرارية"
g7,t1,s4,u2,,l2,"الدرس الثانى :
              
                  تحولات الطاقة"
g7,t1,s4,u2,,l1,"الدرس الأول :
              
                  الطاقة مصادرها  وصورها"
g7,t1,s4,u1,,l3,"الدرس الثالث :
              
                    التركيب الذرى للمادة"
g7,t1,s4,u1,,l2,"الدرس الثانى : 
             
                  تركيب المادة"
g7,t1,s4,u1,,l1,"الدرس الأول :
             
                 المادة وخواصها"
g7,t1,s3,u4,,l5,"إنشاءات هندسية"
g7,t1,s3,u4,,l4,التوازي
g7,t1,s3,u4,,l3,"تطابق المثلثات"
g7,t1,s3,u4,,l2,لتطابق
g7,t1,s3,u4,,l1,"مفاهيم هندسية"
g7,t1,s3,u3,,l3,المنوال
g7,t1,s3,u3,,l2,الوسيط
g7,t1,s3,u3,,l1,"مقايس النزعة المركزية: الوسط الحسابي"
g7,t1,s3,u2,,l9,"التحليل بإخراج العامل المشترك الأعلى"
g7,t1,s3,u2,,l8,"القسمة المُطوَّلة لكثيرات الحدود بدون باقٍ"
g7,t1,s3,u2,,l7,"قسمة  مقدار جبري على مقدار جبري أخر"
g7,t1,s3,u2,,l6,"ضرب مقدار جبري مكون من حدين في مقدار جبري أخر"
g7,t1,s3,u2,,l5,"ضرب حد جبري في مقدار جبري"
g7,t1,s3,u2,,l4,"جمع المقادير الجبرية وطرحها"
g7,t1,s3,u2,,l3,"ضرب الحدود الجبرية وقسمتها"
g7,t1,s3,u2,,l2,"الحدود المتشابهة"
g7,t1,s3,u2,,l1,"الحدود  والمقادير الجبرية"
g7,t1,s3,u1,,l8,"قسمة الأعداد النسبية"
g7,t1,s3,u1,,l7,"خواص عملية الضرب في مجموعة الأعداد النسبية"
g7,t1,s3,u1,,l6,"ضرب الأعداد النسبية"
g7,t1,s3,u1,,l5,"طرح الأعداد النسبية"
g7,t1,s3,u1,,l4,"خواص عملية الجمع في مجموعة الأعداد النسبية"
g7,t1,s3,u1,,l3,"جمع الأعداد النسبية"
g7,t1,s3,u1,,l2,"مقارنة وترتيب الأعداد النسبية"
g7,t1,s3,u1,,l1,"مجموعة الأعداد النسبية"
g7,t1,s2,u5,,l3,"الدرس الثالث: الحياة الاقتصادية"
g7,t1,s2,u5,,l2,"الدرس الثاني: الحياة الدينية"
g7,t1,s2,u5,,l1,"الدرس الأول: الحياة السياسية"
g7,t1,s2,u4,,l4,"الدرس الرابع: عصر المجد الحربي (الدولة الحديثة)"
g7,t1,s2,u4,,l3,"الدرس الثالث:عصر الرخاء الاقتصادي (الدولة الوسطى)"
g7,t1,s2,u4,,l2,"الدرس الثاني: عصر بناة الأهرامات (الدولة القديمة)"
g7,t1,s2,u4,,l1,"الدرس الأول: وحدة شعب"
g7,t1,s2,u3,,l2,"الدرس الثاني: مظاهر سطح الأرض وعوامل تشكيلها"
g7,t1,s2,u3,,l1,"الدرس الأول: نشأة اليابس والماء"
g7,t1,s2,u2,,l3,"الدرس الثالث: فصول السنة"
g7,t1,s2,u2,,l2,"الدرس الثاني: الليل والنهار"
g7,t1,s2,u2,,l1,"الدرس الأول: شكل الأرض وأبعادها"
g7,t1,s2,u1,,l2,"الدرس الثاني: مجموعتنا الشمسية"
g7,t1,s2,u1,,l1,"الدرس الأول: ظواهر كونية"
g7,t1,s1,u3,,l3,"الحب عطاء"
g7,t1,s1,u3,,l2,"سليمان والحمامة"
g7,t1,s1,u3,,l1,"غرائب المخلوقات"
g7,t1,s1,u2,,l3,"العمل حياة"
g7,t1,s1,u2,,l2,"فضل العلم والعمل"
g7,t1,s1,u2,,l1,"سبيل النجاح"
g7,t1,s1,u1,,l4,"من مكارم الأخلاق"
g7,t1,s1,u1,,l3,"صيانة المال العام"
g7,t1,s1,u1,,l2,"عشقناك يامصر"
g7,t1,s1,u1,,l1,الحرية
g6,t1,s8,u2,,l2,"Concept 2.2 Interactions with Heat"
g6,t1,s8,u2,,l1,"Concept 2.1 Thermal Energy in States of Matter"
g6,t1,s8,u1,,l3,"Concept 1.3 Energy as a System"
g6,t1,s8,u1,,l2,"Concept 1.2 The Body as a System"
g6,t1,s8,u1,,l1,"Concept 1.1 The Cell as a System"
g6,t1,s7,u7,,l4,"Lesson 4: Exploring The Range"
g6,t1,s7,u7,,l3,"Lesson 3: Exploring Median, Mode, and Outliers"
g6,t1,s7,u7,,l2,"Lesson 2: Interpreting Arithmetic Mean"
g6,t1,s7,u7,,l1,"Lesson 1: Exploring the Balance Point of Data Sets"
g6,t1,s7,u6,,l5,"Lesson 5: Applications on Graph Representations"
g6,t1,s7,u6,,l4,"Lesson 4: Exploring Box Plot"
g6,t1,s7,u6,,l3,"Lesson 3: Creating Histograms to Represent Data"
g6,t1,s7,u6,,l2,"Lesson 2: Exploring The Histogram"
g6,t1,s7,u6,,l1,"Lesson 1: Data and Statistical Questions"
g6,t1,s7,u5,,l4,"Lesson 4: Graph Representation for Dependent and Independent Variables"
g6,t1,s7,u5,,l3,"Lesson 3: Analyzing The Relationship Between Dependent and Independent Variables"
g6,t1,s7,u5,,l2,"Lesson 2: Applications on Dependent and Independent Variables"
g6,t1,s7,u5,,l1,"Lesson 1: The Relationship Between Dependent and Independent Variables"
g6,t1,s7,u4,,l3,"Lesson 3: Solving Inequalities"
g6,t1,s7,u4,,l2,"Lesson 2: Exploring Inequalities"
g6,t1,s7,u4,,l1,"Lesson 1: Solving Algebraic Equations"
g6,t1,s7,u3,,l7,"Lesson 7: Determining Equivalent Algebraic Expressions"
g6,t1,s7,u3,,l6,"Lesson 6: Applications on Algebraic Expressions"
g6,t1,s7,u3,,l5,"Lesson 5: Evaluating Algebraic Expressions"
g6,t1,s7,u3,,l4,"Lesson 4: Ordering of Operations and Exponents"
g6,t1,s7,u3,,l3,"Lesson 3: Writing Algebraic Expressions"
g6,t1,s7,u3,,l2,"Lesson 2: Analyzing Mathematical Expressions"
g6,t1,s7,u3,,l1,"Lesson 1: Creating Mathematical Expressions"
g6,t1,s7,u2,,l6,"Lesson 6: Comparing Absolute Values"
g6,t1,s7,u2,,l5,"Lesson 5: Exploring Absolute Value"
g6,t1,s7,u2,,l4,"Lesson 4: Comparing and Ordering Rational Numbers"
g6,t1,s7,u2,,l3,"Lesson 3: Analyzing Rational Numbers by Using Models"
g6,t1,s7,u2,,l2,"Lesson 2: Using a Number Line and Symbols to Compare Numbers"
g6,t1,s7,u2,,l1,"Lesson 1: Using a Number Line to Describe Data"
g6,t1,s7,u1,,l4,"Lesson 4 Analyzing Least Common Multiples"
g6,t1,s7,u1,,l3,"Lesson 3: Writing Expressions Using (G. C. F)"
g6,t1,s7,u1,,l2,"Lesson 2: Factorizing a number to its prime Factors"
g6,t1,s7,u1,,l1,"Lesson 1: Using Long Division in the Real World"
g6,t1,s6,u8,,l2,"Lesson 2"
g6,t1,s6,u8,,l1,"Lesson 1"
g6,t1,s6,u7,,l5,"Lesson 5"
g6,t1,s6,u7,,l4,"Lesson 4"
g6,t1,s6,u7,,l3,"Lesson 3"
g6,t1,s6,u7,,l2,"Lesson 2"
g6,t1,s6,u7,,l1,"Lesson 1"
g6,t1,s6,u6,,l5,"Lesson 5"
g6,t1,s6,u6,,l4,"Lesson 4"
g6,t1,s6,u6,,l3,"Lesson 3"
g6,t1,s6,u6,,l2,"Lesson 2"
g6,t1,s6,u6,,l1,"Lesson 1"
g6,t1,s6,u5,,l5,"Lesson 5"
g6,t1,s6,u5,,l4,"Lesson 4"
g6,t1,s6,u5,,l3,"Lesson 3"
g6,t1,s6,u5,,l2,"Lesson 2"
g6,t1,s6,u5,,l1,"Lesson 1"
g6,t1,s6,u4,,l2,"Lesson 2"
g6,t1,s6,u4,,l1,"Lesson 1"
g6,t1,s6,u3,,l5,"Lesson 5"
g6,t1,s6,u3,,l4,"Lesson 4"
g6,t1,s6,u3,,l3,"Lesson 3"
g6,t1,s6,u3,,l2,"Lesson 2"
g6,t1,s6,u3,,l1,"Lesson 1"
g6,t1,s6,u2,,l5,"Lesson 5"
g6,t1,s6,u2,,l4,"Lesson 4"
g6,t1,s6,u2,,l3,"Lesson 3"
g6,t1,s6,u2,,l2,"Lesson 2"
g6,t1,s6,u2,,l1,"Lesson 1"
g6,t1,s6,u1,,l5,"Lesson 5"
g6,t1,s6,u1,,l4,"Lesson 4"
g6,t1,s6,u1,,l3,"Lesson 3"
g6,t1,s6,u1,,l2,"Lesson 2"
g6,t1,s6,u1,,l1,"Lesson 1"
g6,t1,s5,u2,,l4,"قيمة الشجاعة
قصة رحلة إلى الصحراء"
g6,t1,s5,u2,,l3,"قيمة العدل
قصة في المتجر"
g6,t1,s5,u2,,l2,"قيمة التواضع
قصة النبتة الخجول"
g6,t1,s5,u2,,l1,"قيمة الإتقان والمسئولية
            قصة : من المسئول؟"
g6,t1,s5,u1,,l4,"قيمة الشجاعة
            قصة :أنا شجاعة"
g6,t1,s5,u1,,l3,"قيمة العدل
قصة هذا ليس عدلًا"
g6,t1,s5,u1,,l2,"قيمة التواضع
                قصة دور البطولة"
g6,t1,s5,u1,,l1,"قيمة الإتقان والمسئولية
            قصة حدث عابر"
g6,t1,s4,u2,,l2,"المفهوم 2.2 انتقال الحرارة"
g6,t1,s4,u2,,l1,"المفهوم 2.1 الطاقة الحرارية وحالات المادة"
g6,t1,s4,u1,,l3,"المفهوم  1.3 الطاقة كنظام"
g6,t1,s4,u1,,l2,"المفهوم 1.2 الجسم كنظام"
g6,t1,s4,u1,,l1,"المفهوم 1.1 الخلية كنظام"
g6,t1,s3,u7,,l4,"الدرس الرابع: استكشاف المدى"
g6,t1,s3,u7,,l3,"الدرس الثالث: استكشاف الوسيط والمنوال والقيم المتطرفة"
g6,t1,s3,u7,,l2,"الدرس الثاني: تفسير الوسط الحسابي"
g6,t1,s3,u7,,l1,"الدرس الأول: استكشاف نقطة توازن مجموعات البيانات"
g6,t1,s3,u6,,l5,"الدرس الخامس: تطبيقات على التمثيلات البيانية"
g6,t1,s3,u6,,l4,"الدرس الرابع: استكشاف المخطط الصندوقي"
g6,t1,s3,u6,,l3,"الدرس الثالث: تمثيل البيانات بالمدرج التكراري"
g6,t1,s3,u6,,l2,"الدرس الثاني: استكشاف المدرج التكراري"
g6,t1,s3,u6,,l1,"الدرس الأول: البيانات والأسئلة الإحصائية"
g6,t1,s3,u5,,l4,"الدرس الرابع: التمثيل البياني للمتغيرات التابعة والمستقلة"
g6,t1,s3,u5,,l3,"الدرس الثالث: تحليل العلاقة بين المتغيرالتابع والمستقل"
g6,t1,s3,u5,,l2,"الدرس الثاني: تطبيقات على المتغيرات التابعة والمستقلة"
g6,t1,s3,u5,,l1,"الدرس الأول: العلاقة بين المتغير التابع والمتغير المستقل"
g6,t1,s3,u4,,l3,"الدرس الثالث: حل المتباينات."
g6,t1,s3,u4,,l2,"الدرس الثاني: استكشاف المتباينات"
g6,t1,s3,u4,,l1,"الدرس الأول: حل المعادلات الجبرية"
g6,t1,s3,u3,,l7,"الدرس السابع: تحديد المقادير الجبرية المتكافئة"
g6,t1,s3,u3,,l6,"الدرس السادس: تطبيقات على المقادير الجبرية"
g6,t1,s3,u3,,l5,"الدرس الخامس: إيجاد قيمة المقدار الجبري"
g6,t1,s3,u3,,l4,"الدرس الرابع: ترتيب العمليات والأسس"
g6,t1,s3,u3,,l3,"الدرس الثالث: كتابة مقادير جبرية"
g6,t1,s3,u3,,l2,"الدرس الثاني: تحليل التعبيرات الرياضية"
g6,t1,s3,u3,,l1,"الدرس الأول: تكوين تعبيرات رياضية"
g6,t1,s3,u2,,l6,"الدرس السادس: مقارنة القيَّم المطلقة"
g6,t1,s3,u2,,l5,"الدرس الخامس: استكشاف القيمة المطلقة"
g6,t1,s3,u2,,l4,"الدرس الرابع: مقارنة الأعداد النسبية وترتيبها"
g6,t1,s3,u2,,l3,"الدرس الثالث: تحليل الأعداد النسبية باستخدام النماذج"
g6,t1,s3,u2,,l2,"الدرس الثاني: استخدام خط الأعداد والرموز لمقارنة الأعداد"
g6,t1,s3,u2,,l1,"الدرس الأول: استخدام خط الأعداد لوصف البيانات"
g6,t1,s3,u1,,l4,"الدرس الرابع: تحليل المضاعف المشترك الأصغر"
g6,t1,s3,u1,,l3,"الدرس الثالث: كتابة تعبيرات عددية باستخدام (ع.م.أ)"
g6,t1,s3,u1,,l2,"الدرس الثاني: تحليل العدد إلى عوامله الأولية"
g6,t1,s3,u1,,l1,"الدرس الأول: استخدام القسمة المطولة في العالم من حولنا"
g6,t1,s2,u3,,l6,"هيئات مؤثرة في المجتمع العربي: 
                المنظمة العربية للتنمية الزراعية-المنظمة العربية للسياحة."
g6,t1,s2,u3,,l5,"الدرس الخامس: التجارة في وطننا العربي"
g6,t1,s2,u3,,l4,"الدرس الرابع: السياحة في وطننا العربي"
g6,t1,s2,u3,,l3,"الدرس الثالث: التعدين والصناعة في وطننا العربي"
g6,t1,s2,u3,,l2,"الدرس الثاني : الثروة الحيوانية والسمكية في وطننا العربي"
g6,t1,s2,u3,,l1,"الدرس الأول: الزراعة في وطننا العربي"
g6,t1,s2,u2,,l5,"شخصيات عربية مؤثرة : 
                النبي محمد صل الله عليه وسلم-الخليفة أبو بكر الصديق رضي الله عنه."
g6,t1,s2,u2,,l4,"الدرس الرابع: المشكلات البيئية في وطننا العربي"
g6,t1,s2,u2,,l3,"الدرس الثالث: الأقاليم المناخية والنباتية في وطننا العربي"
g6,t1,s2,u2,,l2,"الدرس الثاني: العوامل المؤثرة في مناخ وطننا العربي"
g6,t1,s2,u2,,l1,"الدرس الأول : مظاهر سطح وطننا العربي"
g6,t1,s2,u1,,l4,"الدرس الرابع: لمحات من حياة الخلفاء الراشدين.(رضي الله عنهم )"
g6,t1,s2,u1,,l3,"الدرس الثالث: هجرة الرسول )صلى الله عليه وسلم(  وتأسيس الدولة الإسلامية."
g6,t1,s2,u1,,l2,"الدرس الثاني: قصة ظهور الإسلام"
g6,t1,s2,u1,,l1,"الدرس الأوّل: الموقع الجغرافي لوطننا العربي"
g6,t1,s1,u6,,l3,"الدرس الثالث : التعبير الكتابي (كتابة منشور )."
g6,t1,s1,u6,,l2,"الدرس الثاني : نص معلوماتي ( آداب الحديث)."
g6,t1,s1,u6,,l1,"الدرس الأول : نص استماع (اتصال أم انفصال ؟  )."
g6,t1,s1,u5,,l3,"الدرس الثالث : التعبير الكتابي (الخطبة )."
g6,t1,s1,u5,,l2,"الدرس الثاني : نص معلوماتي ( الإشارة تواصل)."
g6,t1,s1,u5,,l1,"الدرس الأول : نص شعري ( دع الأيام تفعل ماتشاء ) الإمام الشافعي"
g6,t1,s1,u4,,l4,"الدرس الرابع : التعبير الكتابي (سرد وصفي)."
g6,t1,s1,u4,,l3,"الدرس الثالث : نص معلوماتي ( فن الاستماع)."
g6,t1,s1,u4,,l2,"الدرس الثاني : أذناي بخير"
g6,t1,s1,u4,,l1,"الدرس الأول : نص استماع ( حوار مع المعلمين  ) ."
g6,t1,s1,u3,,l3,"الدرس الثالث : التعبير الكتابي (كتابة حوار )."
g6,t1,s1,u3,,l2,"الدرس الثاني : نص معلوماتي ( فكر بإبداع)."
g6,t1,s1,u3,,l1,"الدرس الأول : نص استماع ( إصراري سرنجاحي )."
g6,t1,s1,u2,,l3,"الدرس الثالث : التعبير الكتابي ( كتابة رسالة )"
g6,t1,s1,u2,,l2,"الدرس الثاني : نص معلوماتي ( أنا ذكي)"
g6,t1,s1,u2,,l1,"الدرس الأول : نص شعري ( في يوم الشباب ) إبراهيم ناجي"
g6,t1,s1,u1,,l4,"الدرس الرابع : التعبير الكتابي (مذكرات يومية)"
g6,t1,s1,u1,,l3,"الدرس الثالث : نص معلوماتي ( التفكير وسبل النجاح)"
g6,t1,s1,u1,,l2,"الدرس الثاني : ما السر؟"
g6,t1,s1,u1,,l1,"الدرس الأول : نص استماع ( كن ولاتكن )"
g5,t2,s8,u4,,l2,"4.2 Patterns of Motion in The Sky"
g5,t2,s8,u4,,l1,"4.1 Effects of Gravity"
g5,t2,s8,u3,,l2,"3.2 Water As A Valuable Natural Resource"
g5,t2,s8,u3,,l1,"3.1 Hydrosphere and Biosphere Interactions"
g5,t2,s8,u2,,l5,"5-	Solving Multistep Story Problems with Addition and Subtraction`"
g5,t2,s8,u2,,l4,"4-	Bar Models, Variables, and Story Problems"
g5,t2,s8,u2,,l3,"2.3 Comparing Changes in Matter"
g5,t2,s8,u2,,l2,"2.2 Describing and Measuring Matter"
g5,t2,s8,u2,,l1,"2.1 Matter in The World Around Us"
g5,t2,s8,u1,,l3,"1.3 Changes in Food Webs"
g5,t2,s8,u1,,l2,"1.2 Energy Flow in Ecosystems"
g5,t2,s8,u1,,l1,"1.1 Plant Needs"
g5,t2,s7,u9,,l9,"9-	Fractions as Division"
g5,t2,s7,u9,,l8,"8-	Story Problems Involving Multiplication of Fractions and Mixed Numbers"
g5,t2,s7,u9,,l7,"7-	Multiplying Mixed Numbers Using Improper Fractions"
g5,t2,s7,u9,,l6,"6-	Multiplying Mixed Numbers"
g5,t2,s7,u9,,l5,"5-	Multiplying Fractions and Mixed Numbers"
g5,t2,s7,u9,,l4,"4-	Multiplying Fractions by Fractions"
g5,t2,s7,u9,,l3,"3-	Understanding Multiplication with Fractions"
g5,t2,s7,u9,,l2,"2-	Estimating Products of Fractions and Mixed Numbers"
g5,t2,s7,u9,,l13,"13-	Story Problems Involving Division of Whole Numbers and Unit Fractions"
g5,t2,s7,u9,,l12,"12-	Dividing Whole Numbers by Unit Fractions"
g5,t2,s7,u9,,l11,"11-	Dividing Unit Fractions by Whole Numbers"
g5,t2,s7,u9,,l10,"10-	Story Problems Involving Fractions as Division"
g5,t2,s7,u9,,l1,"1-	Multiplying a Fraction or Mixed Number by a Whole Number"
g5,t2,s7,u8,,l8,"8-	More Story Problems with Mixed Numbers"
g5,t2,s7,u8,,l7,"7-	Story Problems with Mixed Numbers"
g5,t2,s7,u8,,l6,"6-	Adding and Subtracting Mixed Numbers, Part 2"
g5,t2,s7,u8,,l5,"5-	Adding and Subtracting Mixed Numbers, Part 1"
g5,t2,s7,u8,,l4,"4-	Using Models to Add and Subtract Mixed Numbers"
g5,t2,s7,u8,,l3,"3-	Estimation with Mixed Numbers"
g5,t2,s7,u8,,l2,"2-	Finding Like Denominators"
g5,t2,s7,u8,,l1,"1-	Adding and Subtracting Mixed Numbers with Like Denominators"
g5,t2,s7,u7,,l6,"6-	Solving Story Problems with Fractions"
g5,t2,s7,u7,,l5,"5-	Adding and Subtracting Fractions with Unlike Denominators, Part 2"
g5,t2,s7,u7,,l4,"4-	Adding and Subtracting Fractions with Unlike Denominators, Part 1"
g5,t2,s7,u7,,l3,"3-	Using Models to Add and Subtract Fractions with Unlike Denominators"
g5,t2,s7,u7,,l2,"2-	Estimating Sums and Differences of Fractions"
g5,t2,s7,u7,,l1,"1-	Finding Like Denominators Using the LCM"
g5,t2,s7,u12,,l3,"3-	Making Pie Charts"
g5,t2,s7,u12,,l2,"2-	Understanding Pie Charts"
g5,t2,s7,u12,,l1,"1-	Introduction to Pie Charts"
g5,t2,s7,u11,,l9,"9-	Building Three-Dimensional Cities"
g5,t2,s7,u11,,l8,"8-	Solving Real-World Volume Story Problems"
g5,t2,s7,u11,,l7,"7-	Finding the Volume of Compound Shapes"
g5,t2,s7,u11,,l6,"6-	Using a Formula to Find Volume"
g5,t2,s7,u11,,l5,"5-	Finding a Formula"
g5,t2,s7,u11,,l4,"4-	Same Volume, Different Shape"
g5,t2,s7,u11,,l3,"3-	Estimating and Measuring Volume"
g5,t2,s7,u11,,l2,"2-	Measuring a New Dimension"
g5,t2,s7,u11,,l1,"1-	Multiple Dimensions"
g5,t2,s7,u10,,l9,"9-	From Patterns to Points"
g5,t2,s7,u10,,l8,"8-	Coordinate Designs"
g5,t2,s7,u10,,l7,"7-	Plotting Points on a Coordinate Plane"
g5,t2,s7,u10,,l6,"6-	Introduction to Coordinate Planes"
g5,t2,s7,u10,,l5,"5-	Applying the Area Formula"
g5,t2,s7,u10,,l4,"4-	Calculating Area with Fractional Dimensions"
g5,t2,s7,u10,,l3,"3-	Using Tiling to Calculate Area"
g5,t2,s7,u10,,l2,"2-	Tricky Triangles"
g5,t2,s7,u10,,l11,"11-	Interpreting Real-World Graphs"
g5,t2,s7,u10,,l10,"10-	Graphing Real-World Data"
g5,t2,s7,u10,,l1,"1-	Categories of Shapes"
g5,t2,s6,u6,,l5,"Lesson 5"
g5,t2,s6,u6,,l4,"Lesson 4"
g5,t2,s6,u6,,l3,"Lesson 3"
g5,t2,s6,u6,,l2,"Lesson 2"
g5,t2,s6,u6,,l1,"Lesson 1"
g5,t2,s6,u5,,l5,"Lesson 5"
g5,t2,s6,u5,,l4,"Lesson 4"
g5,t2,s6,u5,,l3,"Lesson 3"
g5,t2,s6,u5,,l2,"Lesson 2"
g5,t2,s6,u5,,l1,"Lesson 1"
g5,t2,s6,u4,,l5,"Lesson 5"
g5,t2,s6,u4,,l4,"Lesson 4"
g5,t2,s6,u4,,l3,"Lesson 3"
g5,t2,s6,u4,,l2,"Lesson 2"
g5,t2,s6,u4,,l1,"Lesson 1"
g5,t2,s6,u3,,l5,"Lesson 5"
g5,t2,s6,u3,,l4,"Lesson 4"
g5,t2,s6,u3,,l3,"Lesson 3"
g5,t2,s6,u3,,l2,"Lesson 2"
g5,t2,s6,u3,,l1,"Lesson 1"
g5,t2,s6,u2,,l5,"Lesson 5"
g5,t2,s6,u2,,l4,"Lesson 4"
g5,t2,s6,u2,,l3,"Lesson 3"
g5,t2,s6,u2,,l2,"Lesson 2"
g5,t2,s6,u2,,l1,"Lesson 1"
g5,t2,s6,u1,,l5,"Lesson 5"
g5,t2,s6,u1,,l4,"Lesson 4"
g5,t2,s6,u1,,l3,"Lesson 3"
g5,t2,s6,u1,,l2,"Lesson 2"
g5,t2,s6,u1,,l1,"Lesson 1"
g5,t2,s5,u4,,l4,"قيمة الشجاعة
            قصة جرس إنذار"
g5,t2,s5,u4,,l3,"قيمة العدل
قصة قطعة من الكعك"
g5,t2,s5,u4,,l2,"قيمة التواضع
قصة  شكرًا"
g5,t2,s5,u4,,l1,"قيمة الإتقان والمسئولية
قصة مفاجأة نهاية العالم"
g5,t2,s5,u3,,l4,"قيمة الشجاعة
            قصة العصا البيضاء"
g5,t2,s5,u3,,l3,"قيمة العدل
قصة الإذاعة  المدرسية"
g5,t2,s5,u3,,l2,"قيمة التواضع
قصة:في المشتل"
g5,t2,s5,u3,,l1,"قيمة الإتقان والمسئولية
قصة  فريق التنقيب"
g5,t2,s4,u4,,l3,"المفهوم الثالث
         
             (درجة سطوع الشمس)"
g5,t2,s4,u4,,l2,"المفهوم الثانى
(أنماط حركة الاجسام فى السماء)"
g5,t2,s4,u4,,l1,"المفهوم الأول
(تأثير الجاذبية)"
g5,t2,s4,u3,,l3,"المفهوم الثالث (مصادر الطاقة المتجددة)"
g5,t2,s4,u3,,l2,"المفهوم الثانى
(الماء كأهم الموارد الطبيعية على سطح الأرض)"
g5,t2,s4,u3,,l1,"التفاعلات بين الغلاف الحيوى والغلاف المائى"
g5,t2,s3,u6,,l4,"الرابع: تحديد الأنماط العددية"
g5,t2,s3,u6,,l3,"الثالث: رسم قطاعات دائرية"
g5,t2,s3,u6,,l2,"الثاني: فهم القطاعات الدائرية"
g5,t2,s3,u6,,l1,"الأول: مقدمة إلى القطاعات الدائرية"
g5,t2,s3,u5,,l9,"التاسع: بناء مدن ثلاثية الأبعاد"
g5,t2,s3,u5,,l8,"الثامن: حل مسائل كلامية حياتية عن الحجم"
g5,t2,s3,u5,,l7,"السابع: إيجاد حجم الأشكال الهندسية المركبة"
g5,t2,s3,u5,,l6,"السادس: استخدام قانون لحساب الحجم"
g5,t2,s3,u5,,l5,"الخامس: تحديد قانون لحساب الحجم"
g5,t2,s3,u5,,l4,"الرابع: نفس الحجم وشكل مختلف"
g5,t2,s3,u5,,l3,"الثالث: تقدير الحجم وقياسه"
g5,t2,s3,u5,,l2,"الثاني: قياس بُعد جديد"
g5,t2,s3,u5,,l1,"الأول: أبعاد متنوعة"
g5,t2,s3,u4,,l9,"التاسع: من الأنماط إلى النقاط"
g5,t2,s3,u4,,l8,"الثامن: رسومات باستخدام المستويات الإحداثية"
g5,t2,s3,u4,,l7,"السابع: تحديد النقاط على المستوى الإحداثي"
g5,t2,s3,u4,,l6,"السادس: مقدمة إلى المستويات الإحداثية"
g5,t2,s3,u4,,l5,"الخامس: تطبيق قانون المساحة"
g5,t2,s3,u4,,l4,"الرابع: حساب المساحة لأبعاد تحتوي على كسور"
g5,t2,s3,u4,,l3,"الثالث: حساب المساحة باستخدام أجزاء حائط الكسور"
g5,t2,s3,u4,,l2,"الثاني: مثلثات متنوعة"
g5,t2,s3,u4,,l11,"الحادي عشر: تفسير رسوم بيانية من الحياة اليومية"
g5,t2,s3,u4,,l10,"العاشر: رسوم بيانية لمسائل حياتية"
g5,t2,s3,u4,,l1,"الأول: فئات الأشكال الهندسية"
g5,t2,s3,u3,,l9,"التاسع: تمثيل قسمة الأعداد الصحيحة في صورة كسور"
g5,t2,s3,u3,,l8,"الثامن: مسائل كلامية على ضرب الكسور الاعتيادية والأعداد الكسرية"
g5,t2,s3,u3,,l7,"السابع: ضرب الأعداد الكسرية باستخدام كسور غير حقيقية"
g5,t2,s3,u3,,l6,"السادس: ضرب الأعداد الكسرية"
g5,t2,s3,u3,,l5,"الخامس: ضرب الكسور الاعتيادية في الأعداد الكسرية"
g5,t2,s3,u3,,l4,"الرابع: ضرب كسر اعتيادي في كسر اعتيادي"
g5,t2,s3,u3,,l3,"الثالث: فهم ضرب الكسور الاعتيادية"
g5,t2,s3,u3,,l2,"الثاني: تقدير ناتج ضرب الكسور الاعتيادية في الأعداد الكسرية"
g5,t2,s3,u3,,l13,"الخامس: ضرب الكسور الاعتيادية في الأعداد الكسرية"
g5,t2,s3,u3,,l12,"الثاني عشر: قسمة الأعداد الصحيحة على كسور الوحدة"
g5,t2,s3,u3,,l11,"الحادي عشر: قسمة كسور الوحدة على الأعداد الصحيحة"
g5,t2,s3,u3,,l10,"العاشر: مسائل كلامية لقسمة أعداد صحيحة"
g5,t2,s3,u3,,l1,"الأول: ضرب الكسور الاعتيادية والأعداد الكسرية في عدد صحيح"
g5,t2,s3,u2,,l8,"الثامن: مسائل كلامية أخرى بها أعداد كسرية"
g5,t2,s3,u2,,l7,"السابع: مسائل كلامية بها أعداد كسرية"
g5,t2,s3,u2,,l6,"السادس: جمع الأعداد الكسرية وطرحها - الجزء الثاني"
g5,t2,s3,u2,,l5,"الخامس: جمع الأعداد الكسرية وطرحها - الجزء الأول"
g5,t2,s3,u2,,l4,"الرابع: استخدام النماذج لجمع الأعداد الكسرية وطرحها"
g5,t2,s3,u2,,l3,"الثالث: القصص والأعداد"
g5,t2,s3,u2,,l2,"الثاني: إيجاد المقام المشترك"
g5,t2,s3,u2,,l1,"الأول: جمع الأعداد الكسرية متحدة المقام وطرحها"
g5,t2,s3,u1,,l6,"السادس: حل مسائل كلامية بها كسور اعتيادية"
g5,t2,s3,u1,,l5,"لخامس: جمع الكسور الاعتيادية غير متحدة المقام وطرحها - الجزء الثاني"
g5,t2,s3,u1,,l4,"الرابع: جمع الكسور الاعتيادية غير متحدة المقام وطرحها - الجزء الأول"
g5,t2,s3,u1,,l3,"الثالث: استخدام النماذج لجمع الكسور الاعتيادية غير متحدة المقام وطرحها"
g5,t2,s3,u1,,l2,"الثاني: تقدير مجموع الكسور الاعتيادية والفرق بينها"
g5,t2,s3,u1,,l1,"الأول: إيجاد كسور متحدة المقام باستخدام المضاعف المشترك الأصغر."
g5,t2,s2,u3,,l5,"هيئات مؤثِّرة في المجتمع المصري:
             
                  مكتبة الإسكندرية
 
                   المركز
                    الثقافي القومى ( دار الأوبرا
                    المصرية)"
g5,t2,s2,u3,,l4,"الدرس الرابع: البورصة المصرية"
g5,t2,s2,u3,,l3,"الدرس الثالث: التواصل الاقتصادي بين مصر والعالم"
g5,t2,s2,u3,,l2,"الدرس الثاني: التواصل العلمي والثقافي بين مصر والعالم"
g5,t2,s2,u3,,l1,"الدرس الأوّل: التواصل السياسي والعسكري بين مصر والعالم"
g5,t2,s2,u2,,l5,"شخصيات مصريّة مؤثِّرة:
             
                 الملك رمسيس الثاني
 
                 الرئيس الراحل محمد أنور السادات"
g5,t2,s2,u2,,l4,"الدرس الرابع: العلوم والآداب في بلدنا"
g5,t2,s2,u2,,l3,"الدرس الثالث: العمارة والفنون في بلدنا"
g5,t2,s2,u2,,l2,"الدرس الثاني:  مصر في عصرَي البطالمة والرومان"
g5,t2,s2,u2,,l1,"الدرس الأوّل: انتصارات بلدنا عبر العصور"
g5,t2,s2,u1,,l5,"الدرس الخامس: الحياة الدينية في بلدنا بين الماضي والحاضر"
g5,t2,s2,u1,,l4,"الدرس الرابع: الحياة الاجتماعية في بلدنا بين الماضي والحاضر"
g5,t2,s2,u1,,l3,"الدرس الثالث: مشكلة الزيادة السكّانية في بلدنا"
g5,t2,s2,u1,,l2,"الدرس الثاني: الهرم السكّاني لمصر"
g5,t2,s2,u1,,l1,"الدرس الأوّل: نمو السكّان وتوزيعهم في بلدنا"
g5,t1,s8,u3,,l7,"7-	Applications of measurement 2"
g5,t1,s8,u3,,l6,"6-	Applications of measurement 1"
g5,t1,s8,u3,,l5,"5-	Elapsed Time"
g5,t1,s8,u3,,l4,"4-	Units of Time"
g5,t1,s8,u3,,l3,"3-	Units of Capacity"
g5,t1,s8,u3,,l2,"2-	Measuring Mass"
g5,t1,s8,u3,,l1,"1-	Measuring length"
g5,t1,s8,u2,,l5,"5-	Solving Multistep Story Problems with Addition and Subtraction`"
g5,t1,s8,u2,,l4,"4-	Bar Models, Variables, and Story Problems"
g5,t1,s8,u2,,l3,"2.3 Comparing Changes in Matter"
g5,t1,s8,u2,,l2,"2.2 Describing and Measuring Matter"
g5,t1,s8,u2,,l1,"2.1 Matter in The World Around Us"
g5,t1,s8,u1,,l3,"1.3 Changes in Food Webs"
g5,t1,s8,u1,,l2,"1.2 Energy Flow in Ecosystems"
g5,t1,s8,u1,,l1,"1.1 Plant Needs"
g5,t1,s7,u6,,l4,"4-	Identifying Numerical Patterns"
g5,t1,s7,u6,,l3,"3-	Writing Expressions to Represent Scenarios"
g5,t1,s7,u6,,l2,"2-	Numerical Expressions with Parentheses"
g5,t1,s7,u6,,l1,"1-	Ordering of Mathematical Operations"
g5,t1,s7,u5,,l9,"9-	Solving Multistep Story Problems"
g5,t1,s7,u5,,l8,"8-	Measurement, Decimals, and Powers of Ten"
g5,t1,s7,u5,,l7,"7-	Decimals and the Metric System"
g5,t1,s7,u5,,l6,"6-	Multiplying Decimals through the Thousandths Place"
g5,t1,s7,u5,,l5,"5-	Multiplying Decimals through the Hundredths Place"
g5,t1,s7,u5,,l4,"4-	Multiply decimals using the area of a rectangle model"
g5,t1,s7,u5,,l3,"3-	Multiplying Tenths by Tenths"
g5,t1,s7,u5,,l2,"2-	Multiplying Decimals by Whole Numbers"
g5,t1,s7,u5,,l13,"13-	Dividing Decimals by Decimals"
g5,t1,s7,u5,,l12,"12-	Dividing Decimals by Whole Numbers"
g5,t1,s7,u5,,l11,"11-	Patterns and Relationships in Powers of Ten"
g5,t1,s7,u5,,l10,"10-	Dividing by Powers of Ten"
g5,t1,s7,u5,,l1,"1-	Multiplying by Powers of Ten"
g5,t1,s7,u4,,l5,"5-	Multistep Story Problems"
g5,t1,s7,u4,,l4,"4-	The relation between  division and  multiplication"
g5,t1,s7,u4,,l3,"3-	Using the division algorithm"
g5,t1,s7,u4,,l2,"2-	Estimating Quotients"
g5,t1,s7,u4,,l1,"1-	Dividing by a two-digit number"
g5,t1,s7,u3,,l5,"5-	Multiplication Problems in the Real World"
g5,t1,s7,u3,,l4,"4-	Multiplying Multi-Digit Numbers"
g5,t1,s7,u3,,l3,"3-	Multiplying by a 2-digit number using the algorithm"
g5,t1,s7,u3,,l2,"2-	The Distributive Property of Multiplication"
g5,t1,s7,u3,,l1,"1-	Using the Area Model to Multiply"
g5,t1,s7,u2,,l8,"8-	Factors or Multiples?"
g5,t1,s7,u2,,l7,"7-	Least Common Multiple (L.C.M )"
g5,t1,s7,u2,,l6,"6-	Identifying Multiples"
g5,t1,s7,u2,,l5,"5-	Greatest Common Factors (G.C.F)"
g5,t1,s7,u2,,l4,"4-	Prime Factorization"
g5,t1,s7,u2,,l3,"3-	Telling Stories with Numbers"
g5,t1,s7,u2,,l2,"2-	Variables in Equations"
g5,t1,s7,u2,,l1,"1-	Expressions, Equations, and Variables"
g5,t1,s7,u1,,l9,"9-	Estimating Decimal Differences"
g5,t1,s7,u1,,l8,"8-	Modeling Subtracting"
g5,t1,s7,u1,,l7,"7-	Modeling Decimal Addition"
g5,t1,s7,u1,,l6,"6-	Estimating Decimal Sums"
g5,t1,s7,u1,,l5,"5-	Rounding Decimals"
g5,t1,s7,u1,,l4,"4-	Comparing Decimals"
g5,t1,s7,u1,,l3,"3-	Composing and Decomposing Decimals"
g5,t1,s7,u1,,l2,"2-	Place Value Shuffle"
g5,t1,s7,u1,,l11,"11-	Decimal Story Problems"
g5,t1,s7,u1,,l10,"10-	Subtracting to the Thousandths Place"
g5,t1,s7,u1,,l1,"1-	Decimals to the Thousandths Place"
g5,t1,s6,u8,,l2,"Lesson 2"
g5,t1,s6,u8,,l1,"Lesson 1"
g5,t1,s6,u7,,l5,"Lesson 5"
g5,t1,s6,u7,,l4,"Lesson 4"
g5,t1,s6,u7,,l3,"Lesson 3"
g5,t1,s6,u7,,l2,"Lesson 2"
g5,t1,s6,u7,,l1,"Lesson 1"
g5,t1,s6,u6,,l5,"Lesson 5"
g5,t1,s6,u6,,l4,"Lesson 4"
g5,t1,s6,u6,,l3,"Lesson 3"
g5,t1,s6,u6,,l2,"Lesson 2"
g5,t1,s6,u6,,l1,"Lesson 1"
g5,t1,s6,u5,,l5,"Lesson 5"
g5,t1,s6,u5,,l4,"Lesson 4"
g5,t1,s6,u5,,l3,"Lesson 3"
g5,t1,s6,u5,,l2,"Lesson 2"
g5,t1,s6,u5,,l1,"Lesson 1"
g5,t1,s6,u4,,l2,"Lesson 2"
g5,t1,s6,u4,,l1,"Lesson 1"
g5,t1,s6,u3,,l5,"Lesson 5"
g5,t1,s6,u3,,l4,"Lesson 4"
g5,t1,s6,u3,,l3,"Lesson 3"
g5,t1,s6,u3,,l2,"Lesson 2"
g5,t1,s6,u3,,l1,"Lesson 1"
g5,t1,s6,u2,,l5,"Lesson 5"
g5,t1,s6,u2,,l4,"Lesson 4"
g5,t1,s6,u2,,l3,"Lesson 3"
g5,t1,s6,u2,,l2,"Lesson 2"
g5,t1,s6,u2,,l1,"Lesson 1"
g5,t1,s6,u1,,l5,"Lesson 5"
g5,t1,s6,u1,,l4,"Lesson 4"
g5,t1,s6,u1,,l3,"Lesson 3"
g5,t1,s6,u1,,l2,"Lesson 2"
g5,t1,s6,u1,,l1,"Lesson 1"
g5,t1,s5,u2,,l4,"قيمة الشجاعة
قصة رحلة إلى الصحراء"
g5,t1,s5,u2,,l3,"قيمة العدل
قصة في المتجر"
g5,t1,s5,u2,,l2,"قيمة التواضع
قصة النبتة الخجول"
g5,t1,s5,u2,,l1,"قيمة الإتقان والمسئولية
            قصة : من المسئول؟"
g5,t1,s5,u1,,l4,"قيمة الشجاعة
            قصة :أنا شجاعة"
g5,t1,s5,u1,,l3,"قيمة العدل
قصة هذا ليس عدلًا"
g5,t1,s5,u1,,l2,"قيمة التواضع
                قصة دور البطولة"
g5,t1,s5,u1,,l1,"قيمة الإتقان والمسئولية
            قصة حدث عابر"
g5,t1,s4,u2,,l3,"المفهوم الثالث
(مقارنة التغيرات فى المادة)"
g5,t1,s4,u2,,l2,"المفهوم الثانى
(وصف وقياس المادة)"
g5,t1,s4,u2,,l1,"المفهوم الأول
(المادة فى العالم من حولنا)"
g5,t1,s4,u1,,l3,"المفهوم الثالث
(التغيرات فى الشبكات الغذائية)"
g5,t1,s4,u1,,l2,"المفهوم الثانى
(انتقال الطاقة فى النظام البيئى)"
g5,t1,s4,u1,,l1,"المفهوم الأول
(احتياجات النبات)"
g5,t1,s3,u6,,l4,"الرابع: تحديد الأنماط العددية"
g5,t1,s3,u6,,l3,"الثالث: كتابة تعبير عددي لتمثيل موقف ما"
g5,t1,s3,u6,,l2,"الثاني: تعبيرات عددية تتضمن أقواسًا"
g5,t1,s3,u6,,l1,"الأول: ترتيب إجراء العمليات الحسابية"
g5,t1,s3,u5,,l9,"التاسع: حل مسائل كلامية متعددة الخطوات"
g5,t1,s3,u5,,l8,"الثامن: القياس والكسور العشرية وقوى العدد 10"
g5,t1,s3,u5,,l7,"السابع: الكسور العشرية والنظام المتري"
g5,t1,s3,u5,,l6,"السادس: ضرب الكسور العشرية حتى جزء من الألف"
g5,t1,s3,u5,,l5,"الخامس: ضرب الكسور العشرية حتى جزء من مائة"
g5,t1,s3,u5,,l4,"الرابع: ضرب الكسور العشرية باستخدام نموذج مساحة المستطيل"
g5,t1,s3,u5,,l3,"الثالث: ضرب الأجزاء من عشرة في أجزاء من عشرة"
g5,t1,s3,u5,,l2,"الثاني: عملية ضرب الكسور العشرية في أعداد صحيحة"
g5,t1,s3,u5,,l13,"الثالث عشر: قسمة كسور عشرية على كسور عشرية"
g5,t1,s3,u5,,l12,"الثاني عشر: قسمة كسور عشرية على أعداد صحيحة"
g5,t1,s3,u5,,l11,"الحادي عشر: الأنماط والعلاقات في قوى العدد 10"
g5,t1,s3,u5,,l10,"العاشر: القسمة على قوى العدد 10"
g5,t1,s3,u5,,l1,"الأول: الضرب في قوى العدد 10"
g5,t1,s3,u4,,l5,"الخامس: مسائل كلامية متعددة الخطوات"
g5,t1,s3,u4,,l4,"الرابع: علاقة القسمة بالضرب"
g5,t1,s3,u4,,l3,"الثالث: استخدام خوارزمية القسمة"
g5,t1,s3,u4,,l2,"الثاني: تقدير خارج القسمة"
g5,t1,s3,u4,,l1,"الأول: القسمة على عدد مكوَّن من رقمين"
g5,t1,s3,u3,,l5,"الخامس: مسائل كلامية على الضرب"
g5,t1,s3,u3,,l4,"الرابع: ضرب الأعداد متعددة الأرقام"
g5,t1,s3,u3,,l3,"الثالث: الضرب في عدد مكوَّن من رقمين باستخدام الخوارزمية المعيارية"
g5,t1,s3,u3,,l2,"الثاني: خاصية التوزيع في عملية الضرب"
g5,t1,s3,u3,,l1,"الأول: استخدام نموذج مساحة المستطيل في عملية الضرب"
g5,t1,s3,u2,,l8,"الثامن: عوامل أم مضاعفات؟"
g5,t1,s3,u2,,l7,"السابع: المضاعف المشترك الأصغر )م.م.أ("
g5,t1,s3,u2,,l6,"السادس: تحديد المضاعفات"
g5,t1,s3,u2,,l5,"الخامس: العامل المشترك الأكبر )ع.م.أ("
g5,t1,s3,u2,,l4,"الرابع: تحليل العدد إلى عوامل أولية"
g5,t1,s3,u2,,l3,"الثالث: القصص والأعداد"
g5,t1,s3,u2,,l2,"الثاني: المتغيرات في المعادلات"
g5,t1,s3,u2,,l1,"الأول: التعبيرات الرياضية والمعادلات والمتغيرات"
g5,t1,s3,u1,,l9,"التاسع: تقدير الفرق بين عددين عشريين"
g5,t1,s3,u1,,l8,"الثامن: نمذجة طرح الكسور العشرية"
g5,t1,s3,u1,,l7,"السابع: نمذجة جمع الكسور العشرية"
g5,t1,s3,u1,,l6,"السادس: تقدير مجموع الأعداد العشرية"
g5,t1,s3,u1,,l5,"الخامس: تقريب الكسور العشرية"
g5,t1,s3,u1,,l4,"الرابع: مقارنة الكسور العشرية"
g5,t1,s3,u1,,l3,"الثالث: تكوين الكسور العشرية وتحليلها"
g5,t1,s3,u1,,l2,"الثاني: تغيير القيم المكانية"
g5,t1,s3,u1,,l11,"الحادي عشر: مسائل كلامية على الكسور العشرية"
g5,t1,s3,u1,,l10,"العاشر: طرح الكسور العشرية حتى جزء من الألف"
g5,t1,s3,u1,,l1,"الأول: الكسور العشرية حتى جزء من الألف"
g5,t1,s2,u3,,l5,"شخصيات مصرية مؤثرة:
             
                 الملك أمنمحات الثالث-
 
                 الرئيس الراحل جمال عبد الناصر"
g5,t1,s2,u3,,l4,"الدرس الرابع:التجارة في بلدي"
g5,t1,s2,u3,,l3,"الدرس الثالث: الصناعة في بلدي"
g5,t1,s2,u3,,l2,"الدرس الثاني: الثروة الحيوانية والسمكية في بلدي"
g5,t1,s2,u3,,l1,"الدرس الأول: الزراعة في بلدي"
g5,t1,s2,u2,,l4,"الدرس الرابع: اختراع النقود وتطورها."
g5,t1,s2,u2,,l3,"الدرس الثالث: مصادر الطاقة في بلدي"
g5,t1,s2,u2,,l2,"الدرس الثاني:الموارد المعدنية في بلدي"
g5,t1,s2,u2,,l1,"الدرس الأول:الموارد المائية في بلدي"
g5,t1,s2,u1,,l7,"شخصيات مصرية مؤثرة:
             
                 الملك نعرمر (مينا)-الملك تحتمس الثالث"
g5,t1,s2,u1,,l6,"الدرس السادس: التغيرات المناخية وأثرها على بلدي"
g5,t1,s2,u1,,l5,"الدرس الخامس: النباتات الطبيعية والحيوانات البرية في بلدي"
g5,t1,s2,u1,,l4,"الدرس الرابع: مناخ بلدي"
g5,t1,s2,u1,,l3,"الدرس الثالث: مظاهر سطح بلدي"
g5,t1,s2,u1,,l2,"الدرس الثاني: قصة نشأة الحضارة المصرية القديمة"
g5,t1,s2,u1,,l1,"الدرس الأول موقع بلدى"
g5,t1,s1,u2,,l3,"الموضوع الثالث : (عاداتهم تميزهم) 
                
                   قصة ( شتاء دافئ جميل)
  
                  نص نعلوماتي ( طعامهم يميزهم)"
g5,t1,s1,u2,,l2,"الموضوع الثاني : (لغاتهم تميزهم )
              
                  أنشطة نص الاستماع  ( صداقة بلاحدود) 
  
                  شعر ( لغة الأجداد)
  
                  نص نعلوماتي ( مميزون باختلاف)"
g5,t1,s1,u2,,l1,"الموضوع الأول : أشكالهم تميزهم
                    
                        أنشطة نص الاستماع  ( أنتِ أجمل) 
        
                        قصة  ( الأرانب وملك الفيل  )
        
                        نص معلوماتي ( الجمال الحقيقي )"
g5,t1,s1,u1,,l3,"الموضوع الثالث : خططت وثابرت
           
              
                  قصة ( سأحاول من جديد ) 
  
                  قصة السمكات الثلاث"
g5,t1,s1,u1,,l2,"الموضوع الثاني : تساءلت وبادرت
             
                 أنشطة نص الاستماع  (  لماذا ؟  ) 
 
                 شعر ( رسالة للمعلم)
 
                 نص نعلوماتي ( الأهم فالمهم )"
g5,t1,s1,u1,,l1,"الموضوع الأول : عرفت قدراتي
            
                أنشطة نص الاستماع  ( أنا أستطيع )
                

                قصة  ( اكتشف مهاراتك)

                نص نعلوماتي ( الاختلاف  والتميز )"
g4,t2,s8,u4,,l2,"4.2 Changing Landscapes"
g4,t2,s8,u4,,l1,"4.1  Breaking Down and Moving Rocks"
g4,t2,s8,u3,,l3,"3.2 About Fuel"
g4,t2,s8,u3,,l2,"3.3 Renewable Energy Sources"
g4,t2,s8,u3,,l1,"3.1 Devices   and Energy"
g4,t2,s8,u2,,l5,"5-	Solving Multistep Story Problems with Addition and Subtraction`"
g4,t2,s8,u2,,l4,"4-	Bar Models, Variables, and Story Problems"
g4,t2,s8,u2,,l3,"2.3 Energy and Collisions"
g4,t2,s8,u2,,l2,"2.2 Energy and Motion"
g4,t2,s8,u2,,l1,"2.1 Starting and Stopping"
g4,t2,s8,u1,,l3,"1.3 Light and Sight"
g4,t2,s8,u1,,l2,"1.2 Senses at Work"
g4,t2,s8,u1,,l1,"1.1 Adaptation and Survival"
g4,t2,s7,u9,,l9,"9-	Same Fraction, Different Ways"
g4,t2,s7,u9,,l8,"8-	Like Denominators  or Numerators"
g4,t2,s7,u9,,l7,"7-	Subtracting Mixed Numbers"
g4,t2,s7,u9,,l6,"6-	Adding Mixed Numbers"
g4,t2,s7,u9,,l5,"5-	Pieces from the Whole"
g4,t2,s7,u9,,l4,"4-	All Mixed Up"
g4,t2,s7,u9,,l3,"3-	Break It Down Again"
g4,t2,s7,u9,,l2,"2-	Break It Down"
g4,t2,s7,u9,,l15,"15-	Multiplying by a Whole"
g4,t2,s7,u9,,l14,"14-	Many Missing Multiples"
g4,t2,s7,u9,,l13,"13-	Different Numbers, Same Value"
g4,t2,s7,u9,,l12,"12-	Fractions and the Identity Property"
g4,t2,s7,u9,,l11,"11-	Half or Whole?"
g4,t2,s7,u9,,l10,"10-	Benchmark Fractions"
g4,t2,s7,u9,,l1,"1-	Let’s Build It"
g4,t2,s7,u13,,l7,"7-	Drawing Angles with  a Protractor"
g4,t2,s7,u13,,l6,"6-	Drawing Angles"
g4,t2,s7,u13,,l5,"5-	Measuring Angles, Part 2"
g4,t2,s7,u13,,l4,"4-	Measuring Angles, Part 1"
g4,t2,s7,u13,,l3,"3-	Understanding Protractors"
g4,t2,s7,u13,,l2,"2-	Angles on a Clock Face"
g4,t2,s7,u13,,l1,"1-	Understanding Degrees"
g4,t2,s7,u12,,l9,"9-	Classifying Triangles"
g4,t2,s7,u12,,l8,"8-	Drawing Angles"
g4,t2,s7,u12,,l7,"7-	Classifying Angles"
g4,t2,s7,u12,,l6,"6-	Identifying Right Angles"
g4,t2,s7,u12,,l5,"5-	Real-World Geometry, Part 1"
g4,t2,s7,u12,,l4,"4-	Creating Symmetrical Images"
g4,t2,s7,u12,,l3,"3-	What Is Symmetry?"
g4,t2,s7,u12,,l2,"2-	The Relation between two lines"
g4,t2,s7,u12,,l12,"12-	Real-World Geometry, Part 2"
g4,t2,s7,u12,,l11,"11-	Classifying Quadrilaterals"
g4,t2,s7,u12,,l10,"10-	Drawing Triangles"
g4,t2,s7,u12,,l1,"1-	Points, Lines, Line Segments, and Rays"
g4,t2,s7,u11,,l4,"4-	Graphing the Class"
g4,t2,s7,u11,,l3,"3-	Breaking the Bar"
g4,t2,s7,u11,,l2,"2-	Plotting Along"
g4,t2,s7,u11,,l1,"1-	Show Me the Data"
g4,t2,s7,u10,,l9,"9-	Not All Digits Are Equal"
g4,t2,s7,u10,,l8,"8-	Model Comparisons"
g4,t2,s7,u10,,l7,"7-	All Things Equal"
g4,t2,s7,u10,,l6,"6-	The Whole Breakdown"
g4,t2,s7,u10,,l5,"5-	Same Value, Different Ways"
g4,t2,s7,u10,,l4,"4-	Decimals in different Forms"
g4,t2,s7,u10,,l3,"3-	The Place Value"
g4,t2,s7,u10,,l2,"2-	Hundredths"
g4,t2,s7,u10,,l12,"12-	Putting the Pieces Together"
g4,t2,s7,u10,,l11,"11-	Check the Denominators"
g4,t2,s7,u10,,l10,"10-	Comparing Tenths and Hundredths"
g4,t2,s7,u10,,l1,"1-	Let’s Explore Decimals"
g4,t2,s6,u8,,l2,"Lesson 2"
g4,t2,s6,u8,,l1,"Lesson 1"
g4,t2,s6,u7,,l5,"Lesson 5"
g4,t2,s6,u7,,l4,"Lesson 4"
g4,t2,s6,u7,,l3,"Lesson 3"
g4,t2,s6,u7,,l2,"Lesson 2"
g4,t2,s6,u7,,l1,"Lesson 1"
g4,t2,s6,u6,,l5,"Lesson 5"
g4,t2,s6,u6,,l4,"Lesson 4"
g4,t2,s6,u6,,l3,"Lesson 3"
g4,t2,s6,u6,,l2,"Lesson 2"
g4,t2,s6,u6,,l1,"Lesson 1"
g4,t2,s6,u5,,l5,"Lesson 5"
g4,t2,s6,u5,,l4,"Lesson 4"
g4,t2,s6,u5,,l3,"Lesson 3"
g4,t2,s6,u5,,l2,"Lesson 2"
g4,t2,s6,u5,,l1,"Lesson 1"
g4,t2,s6,u4,,l2,"Lesson 2"
g4,t2,s6,u4,,l1,"Lesson 1"
g4,t2,s6,u3,,l5,"Lesson 5"
g4,t2,s6,u3,,l4,"Lesson 4"
g4,t2,s6,u3,,l3,"Lesson 3"
g4,t2,s6,u3,,l2,"Lesson 2"
g4,t2,s6,u3,,l1,"Lesson 1"
g4,t2,s6,u2,,l5,"Lesson 5"
g4,t2,s6,u2,,l4,"Lesson 4"
g4,t2,s6,u2,,l3,"Lesson 3"
g4,t2,s6,u2,,l2,"Lesson 2"
g4,t2,s6,u2,,l1,"Lesson 1"
g4,t2,s6,u1,,l5,"Lesson 5"
g4,t2,s6,u1,,l4,"Lesson 4"
g4,t2,s6,u1,,l3,"Lesson 3"
g4,t2,s6,u1,,l2,"Lesson 2"
g4,t2,s6,u1,,l1,"Lesson 1"
g4,t2,s5,u4,,l3,"قيمة الاستقلالية
(قصة فريدة)"
g4,t2,s5,u4,,l2,"قيمة التسامح والسلام
(قصة لاعب ملاكة قوي)"
g4,t2,s5,u4,,l1,"قيمة الحب
                (قصة رحلة إلى الإسماعيلية)"
g4,t2,s5,u3,,l3,"قيمة الاستقلالية
                (قصة أنا حر)"
g4,t2,s5,u3,,l2,"قيمة التسامح والسلام
(قصة فكرة مدهشة)"
g4,t2,s5,u3,,l1,"قيمة الحب
                (قصة بطولات)"
g4,t2,s4,u4,,l2,"المفهوم الثانى
             
                 (نغير مظاهر السطح)"
g4,t2,s4,u4,,l1,"المفهوم الأول
             
                 (تفتت الصخور وتحركها)"
g4,t2,s4,u3,,l3,"المفهوم الثالث
             
                 (مصادر الطاقة المتجددة)"
g4,t2,s4,u3,,l2,"المفهوم الثانى
             
                 (عن الوقود)"
g4,t2,s4,u3,,l1,"المفهوم الأول
             
                 (الأجهزة والطاقة)"
g4,t2,s3,u4,,l9,"التاسع: تصنيف المثلثات"
g4,t2,s3,u4,,l8,"الثامن: رسم الزوايا"
g4,t2,s3,u4,,l7,"السابع: تصنيف الزوايا"
g4,t2,s3,u4,,l6,"السادس: تحديد الزوايا القائمة"
g4,t2,s3,u4,,l5,"الخامس: الهندسة في حياتنا – الجزء الأول"
g4,t2,s3,u4,,l4,"الرابع: رسم صور ذات خط تماثل"
g4,t2,s3,u4,,l3,"الثالث: ما التماثل؟"
g4,t2,s3,u4,,l2,"الثانى: العلاقة بين المستقيمين"
g4,t2,s3,u4,,l12,"الثانى عشر: الهندسة في حياتنا - الجزء الثاني"
g4,t2,s3,u4,,l11,"الحادى عشر: تصنيف الأشكال الرباعية"
g4,t2,s3,u4,,l10,"العاشر: رسم المثلثات"
g4,t2,s3,u4,,l1,"الأول: النقاط والخطوط المستقيمة والأشعة والقطع المستقيمة"
g4,t2,s3,u3,,l4,"الرابع: تمثيل بياني للفصل"
g4,t2,s3,u3,,l3,"الثالث: تحليل التمثيل البياني"
g4,t2,s3,u3,,l2,"الثاني: التمثيل البياني بالنقاط"
g4,t2,s3,u3,,l1,"الأول: كيف تعرض بياناتك؟"
g4,t2,s3,u2,,l9,"التاسع: كسور عشرية بأرقام مختلفة"
g4,t2,s3,u2,,l8,"الثامن: المقارنة باستخدام النماذج"
g4,t2,s3,u2,,l7,"السابع: الصور المتكافئة للكسور"
g4,t2,s3,u2,,l6,"السادس: أجزاء الواحد الصحيح"
g4,t2,s3,u2,,l5,"الخامس: نفس القيمة بصور مختلفة"
g4,t2,s3,u2,,l4,"الرابع: صيغ مختلفة للكسور العشرية"
g4,t2,s3,u2,,l3,"الثالث: القيمة المكانية"
g4,t2,s3,u2,,l2,"الثاني: الأجزاء من مائة"
g4,t2,s3,u2,,l12,"الثاني عشر: جمع الكسور العشرية باستخدام الكسور المتكافئة"
g4,t2,s3,u2,,l11,"الحادي عشر: التحقق من المقام"
g4,t2,s3,u2,,l10,"العاشر: مقارنة الأجزاء من عشرة والأجزاء من مائة"
g4,t2,s3,u2,,l1,"الأول: استكشاف الكسور العشرية"
g4,t2,s3,u1,,l9,"التاسع: نفس الكسر بأشكال مختلفة"
g4,t2,s3,u1,,l8,"الثامن: الكسور متحدة المقام أو البسط"
g4,t2,s3,u1,,l7,"السابع: طرح الأعداد الكسرية"
g4,t2,s3,u1,,l6,"السادس: جمع الأعداد الكسرية"
g4,t2,s3,u1,,l5,"الخامس: أجزاء من الكل"
g4,t2,s3,u1,,l4,"الرابع: الكسور والأعداد الكسرية"
g4,t2,s3,u1,,l3,"الثالث: مزيد من التحليل"
g4,t2,s3,u1,,l2,"الثاني: هيا نحلل"
g4,t2,s3,u1,,l15,"الخامس عشر: الضرب في عدد صحيح"
g4,t2,s3,u1,,l14,"الرابع عشر: المضاعفات المجهولة"
g4,t2,s3,u1,,l13,"الثالث عشر: أعداد مختلفة بنفس القيمة"
g4,t2,s3,u1,,l12,"الثانى عشر: الكسور والعنصر المحايد"
g4,t2,s3,u1,,l11,"الحادى عشر: أيهما أقرب، النصف أم الواحد؟"
g4,t2,s3,u1,,l10,"العاشر: الكسور المرجعية"
g4,t2,s3,u1,,l1,"الأول: هيا نبني"
g4,t2,s2,u3,,l5,"شخصيات مصريّة مؤثِّرة:
             
                 الملك خوفو والملكة حتشبسوت"
g4,t2,s2,u3,,l4,"الدرس الرابع: تطوّر وسائل الاتصال وتأثيرها في المجتمع"
g4,t2,s2,u3,,l3,"الدرس الثالث: قواعد وأخلاقيات استخدام وسائل النقل"
g4,t2,s2,u3,,l2,"الدرس الثاني: أنواع وسائل النقل في حياتي"
g4,t2,s2,u3,,l1,"الدرس الأوّل: تطوّر وسائل النقل وتأثيرها في المجتمع"
g4,t2,s2,u2,,l6,"هيئات مؤثِّرة في المجتمع المصري:
             
                 الجهاز المركزي للتعبئة العامّة والإحصاء ومنظّمة اليونسكو"
g4,t2,s2,u2,,l5,"الدرس الخامس: مسئوليتنا نحو تراث بلدنا"
g4,t2,s2,u2,,l4,"الدرس الرابع: السياحة واقتصاد بلدنا"
g4,t2,s2,u2,,l3,"الدرس الثالث: الأماكن السياحية والأثرية في بلدنا"
g4,t2,s2,u2,,l2,"الدرس الثاني: الأماكن التراثية في بلدنا"
g4,t2,s2,u2,,l1,"الدرس الأوّل: تراثنا الوطني"
g4,t2,s2,u1,,l4,"الدرس الرابع : نظام الحكم في بلدنا"
g4,t2,s2,u1,,l3,"الدرس الثالث: نماذج للمشكلات الاجتماعية في بلدنا"
g4,t2,s2,u1,,l2,"الدرس الثاني : التراث الثقافي لسكّان بلدنا"
g4,t2,s2,u1,,l1,"الدرس الأوّل: أنماط سكّان بلدنا"
g4,t1,s8,u3,,l7,"7-	Applications of measurement 2"
g4,t1,s8,u3,,l6,"6-	Applications of measurement 1"
g4,t1,s8,u3,,l5,"5-	Elapsed Time"
g4,t1,s8,u3,,l4,"4-	Units of Time"
g4,t1,s8,u3,,l3,"3-	Units of Capacity"
g4,t1,s8,u3,,l2,"2-	Measuring Mass"
g4,t1,s8,u3,,l1,"1-	Measuring length"
g4,t1,s8,u2,,l5,"5-	Solving Multistep Story Problems with Addition and Subtraction`"
g4,t1,s8,u2,,l4,"4-	Bar Models, Variables, and Story Problems"
g4,t1,s8,u2,,l3,"2.3 Energy and Collisions"
g4,t1,s8,u2,,l2,"2.2 Energy and Motion"
g4,t1,s8,u2,,l1,"2.1 Starting and Stopping"
g4,t1,s8,u1,,l3,"1.3 Light and Sight"
g4,t1,s8,u1,,l2,"1.2 Senses at Work"
g4,t1,s8,u1,,l1,"1.1 Adaptation and Survival"
g4,t1,s7,u8,,l2,"2-	The Order of Operations and Story Problems"
g4,t1,s7,u8,,l1,"1-	Order of Operations"
g4,t1,s7,u7,,l9,"9-	The Partial Quotients Algorithm"
g4,t1,s7,u7,,l8,"8-	The Area Model and Division"
g4,t1,s7,u7,,l7,"7-	Patterns in Division"
g4,t1,s7,u7,,l6,"6-	Exploring Remainders"
g4,t1,s7,u7,,l5,"5-	multiply a two-digit number by a multiple of 10"
g4,t1,s7,u7,,l4,"4-	multiply by a one-digit number"
g4,t1,s7,u7,,l3,"3-	The Partial Products Algorithm"
g4,t1,s7,u7,,l2,"2-	The Distributive Property"
g4,t1,s7,u7,,l11,"11-	Division and Multiplication"
g4,t1,s7,u7,,l10,"10-	The Standard Division Algorithm"
g4,t1,s7,u7,,l1,"1-	The Area Model Strategy"
g4,t1,s7,u6,,l6,"6-	Relationships between Factors and Multiples"
g4,t1,s7,u6,,l5,"5-	Common Multiples"
g4,t1,s7,u6,,l4,"4-	4-	Identifying Multiples of Whole Numbers"
g4,t1,s7,u6,,l3,"3-	Greatest Common Factor G.C.F"
g4,t1,s7,u6,,l2,"2-	Prime and Composite Numbers"
g4,t1,s7,u6,,l1,"1-	Identifying Factors of Whole Numbers"
g4,t1,s7,u5,,l7,"7-	Applying Patterns in Multiplication"
g4,t1,s7,u5,,l6,"6-	Associative Property of Multiplication"
g4,t1,s7,u5,,l5,"5-	Identity Property and the Zero Property"
g4,t1,s7,u5,,l4,"4-	Commutative Property of Multiplication"
g4,t1,s7,u5,,l3,"3-	Solving Multiplicative Comparison Equations"
g4,t1,s7,u5,,l2,"2-	Creating Multiplicative Comparison Equations"
g4,t1,s7,u5,,l1,"1-	Multiplicative Comparison"
g4,t1,s7,u4,,l4,"4-	Complex Shapes"
g4,t1,s7,u4,,l3,"3-	Unknown Dimensions"
g4,t1,s7,u4,,l2,"2-	Finding area"
g4,t1,s7,u4,,l1,"1-	Finding perimeter"
g4,t1,s7,u3,,l7,"7-	Applications of measurement 2"
g4,t1,s7,u3,,l6,"6-	Applications of measurement 1"
g4,t1,s7,u3,,l5,"5-	Elapsed Time"
g4,t1,s7,u3,,l4,"4-	Units of Time"
g4,t1,s7,u3,,l3,"3-	Units of Capacity"
g4,t1,s7,u3,,l2,"2-	Measuring Mass"
g4,t1,s7,u3,,l1,"1-	Measuring length"
g4,t1,s7,u2,,l5,"5-	Solving Multistep Story Problems with Addition and Subtraction`"
g4,t1,s7,u2,,l4,"4-	Bar Models, Variables, and Story Problems"
g4,t1,s7,u2,,l3,"3-	Subtraction with Regrouping"
g4,t1,s7,u2,,l2,"2-	Addition with Regrouping"
g4,t1,s7,u2,,l1,"1-	Properties of Addition"
g4,t1,s7,u1,,l8,"8- Rounding Rules"
g4,t1,s7,u1,,l7,"7-	Descending and Ascending Numbers"
g4,t1,s7,u1,,l6,"6-	Comparing Numbers in Multiple Forms"
g4,t1,s7,u1,,l5,"5-	Comparing Big Numbers"
g4,t1,s7,u1,,l4,"4-	Composing and Decomposing"
g4,t1,s7,u1,,l3,"3-	Many Forms to Write Numbers"
g4,t1,s7,u1,,l2,"1-	Changing Values"
g4,t1,s7,u1,,l1,"1 - Big Numbers"
g4,t1,s6,u8,,l2,"Lesson 2"
g4,t1,s6,u8,,l1,"Lesson 1"
g4,t1,s6,u7,,l5,"Lesson 5"
g4,t1,s6,u7,,l4,"Lesson 4"
g4,t1,s6,u7,,l3,"Lesson 3"
g4,t1,s6,u7,,l2,"Lesson 2"
g4,t1,s6,u7,,l1,"Lesson 1"
g4,t1,s6,u6,,l5,"Lesson 5"
g4,t1,s6,u6,,l4,"Lesson 4"
g4,t1,s6,u6,,l3,"Lesson 3"
g4,t1,s6,u6,,l2,"Lesson 2"
g4,t1,s6,u6,,l1,"Lesson 1"
g4,t1,s6,u5,,l5,"Lesson 5"
g4,t1,s6,u5,,l4,"Lesson 4"
g4,t1,s6,u5,,l3,"Lesson 3"
g4,t1,s6,u5,,l2,"Lesson 2"
g4,t1,s6,u5,,l1,"Lesson 1"
g4,t1,s6,u4,,l2,"Lesson 2"
g4,t1,s6,u4,,l1,"Lesson 1"
g4,t1,s6,u3,,l5,"Lesson 5"
g4,t1,s6,u3,,l4,"Lesson 4"
g4,t1,s6,u3,,l3,"Lesson 3"
g4,t1,s6,u3,,l2,"Lesson 2"
g4,t1,s6,u3,,l1,"Lesson 1"
g4,t1,s6,u2,,l5,"Lesson 5"
g4,t1,s6,u2,,l4,"Lesson 4"
g4,t1,s6,u2,,l3,"Lesson 3"
g4,t1,s6,u2,,l2,"Lesson 2"
g4,t1,s6,u2,,l1,"Lesson 1"
g4,t1,s6,u1,,l5,"Lesson 5"
g4,t1,s6,u1,,l4,"Lesson 4"
g4,t1,s6,u1,,l3,"Lesson 3"
g4,t1,s6,u1,,l2,"Lesson 2"
g4,t1,s6,u1,,l1,"Lesson 1"
g4,t1,s5,u2,,l3,"قيمة الاستقلالية
                (قصة عروستي المفضلة)"
g4,t1,s5,u2,,l2,"قيمة التسامح والسلام
(قصة رحلة إلى المتحف)"
g4,t1,s5,u2,,l1,"قيمة الحب
                (قصة الحزام الأصفر)"
g4,t1,s5,u1,,l3,"قيمة الاستقلالية
                (قصة ورشة العرائس)"
g4,t1,s5,u1,,l2,"قيمة التسامح والسلام
                (قصة رحلة إلى الشاطئ)"
g4,t1,s5,u1,,l1,"قيمة الحب
            
                قصة عرض الكاراتيه"
g4,t1,s4,u2,,l3,"المفهوم الثالث
             
                 (الطاقة والتصادم)"
g4,t1,s4,u2,,l2,"المفهوم الثانى
             
                 (الطاقة والحركة)"
g4,t1,s4,u2,,l1,"المفهوم الأول 
             
                 (الحركة  والتوقف)"
g4,t1,s4,u1,,l4,"المفهوم الرابع
            
                (التواصل ونقل المعلومات)"
g4,t1,s4,u1,,l3,"المفهوم الثالث (الضوء وحاسة البصر)"
g4,t1,s4,u1,,l2,"المفهوم الثانى (كيف تعمل الحواس؟)"
g4,t1,s4,u1,,l1,"المفهوم الأول (البقاء والتكيف)"
g4,t1,s3,u8,,l2,"الثاني: ترتيب العمليات والمسائل الكلامية"
g4,t1,s3,u8,,l1,"الأول: ترتيب إجراء العمليات الحسابية"
g4,t1,s3,u7,,l9,"التاسع: خوارزمية خارج القسمة بالتجزئة"
g4,t1,s3,u7,,l8,"الثامن: القسمة باستخدام نموذج مساحة المستطيل"
g4,t1,s3,u7,,l7,"السابع: الأنماط في عملية القسمة"
g4,t1,s3,u7,,l6,"السادس: استكشاف باقي القسمة"
g4,t1,s3,u7,,l5,"الخامس: ضرب عدد مكون من رقمين في مضاعفات العدد 10"
g4,t1,s3,u7,,l4,"الرابع: الضرب في عدد مكون من رقم واحد"
g4,t1,s3,u7,,l3,"الثالث: خوارزمية عملية الضرب بالتجزئة"
g4,t1,s3,u7,,l2,"الثاني: خاصية التوزيع"
g4,t1,s3,u7,,l11,"الحادي عشر: القسمة والضرب"
g4,t1,s3,u7,,l10,"العاشر: خوارزمية القسمة المعيارية"
g4,t1,s3,u7,,l1,"الأول: إستراتيجية نموذج مساحة المستطيل"
g4,t1,s3,u6,,l6,"السادس: العلاقات بين العوامل والمضاعفات"
g4,t1,s3,u6,,l5,"الخامس: المضاعفات المشتركة"
g4,t1,s3,u6,,l4,"الرابع: تحديد مضاعفات الأعداد الصحيحة"
g4,t1,s3,u6,,l3,"الثالث: العامل المشترك الأكبر )ع. م. أ(."
g4,t1,s3,u6,,l2,"الثاني: الأعداد الأولية والأعداد متعددة العوامل"
g4,t1,s3,u6,,l1,"الأول: تحديد عوامل الأعداد الصحيحة"
g4,t1,s3,u5,,l7,"السابع: تطبيق الأنماط في عملية الضرب"
g4,t1,s3,u5,,l6,"السادس: خاصية الدمج في عملية الضرب"
g4,t1,s3,u5,,l5,"الخامس: خاصية العنصر المحايد والضرب في صفر"
g4,t1,s3,u5,,l4,"الرابع: خاصية الإبدال في عملية الضرب"
g4,t1,s3,u5,,l3,"الثالث: حل معادلات للمقارنة باستخدام عملية الضرب"
g4,t1,s3,u5,,l2,"الثاني: تكوين معادلات للمقارنة باستخدام عملية الضرب."
g4,t1,s3,u5,,l1,"الأول: المقارنة باستخدام عملية الضرب"
g4,t1,s3,u4,,l5,"السابع: تطبيقات القياس 2"
g4,t1,s3,u4,,l4,"الرابع: الأشكال الهندسية المركَّبة"
g4,t1,s3,u4,,l3,"الثالث: أبعاد مجهولة"
g4,t1,s3,u4,,l2,"الثاني: إيجاد المساحة"
g4,t1,s3,u4,,l1,"الأول: إيجاد المحيط"
g4,t1,s3,u3,,l7,"السابع: تطبيقات القياس 2"
g4,t1,s3,u3,,l6,"السادس: تطبيقات القياس 1"
g4,t1,s3,u3,,l5,"الخامس: الوقت المنقضي"
g4,t1,s3,u3,,l4,"الرابع: وحدات قياس الوقت"
g4,t1,s3,u3,,l3,"الثالث: وحدات قياس السعة"
g4,t1,s3,u3,,l2,"الثاني: قياس الكتلة"
g4,t1,s3,u3,,l1,"الأول: قياس الأطوال"
g4,t1,s3,u2,,l5,"الخامس: حل مسائل كلامية متعددة الخطوات باستخدام الجمع والطرح"
g4,t1,s3,u2,,l4,"الرابع: النماذج الشريطية والمتغيرات والمسائل الكلامية"
g4,t1,s3,u2,,l3,"الثالث: الطرح مع إعادة التسمية"
g4,t1,s3,u2,,l2,"الثاني: الجمع مع إعادة التسمية"
g4,t1,s3,u2,,l1,"الأول: خواص عملية الجمع"
g4,t1,s3,u1,,l8,"الثامن: قواعد التقريب"
g4,t1,s3,u1,,l7,"السابع: ترتيب الأعداد تنازليًا وتصاعديًا"
g4,t1,s3,u1,,l6,"السادس: مقارنة الأعداد في صيغ مختلفة"
g4,t1,s3,u1,,l5,"الخامس: مقارنة الأعداد الكبيرة"
g4,t1,s3,u1,,l4,"الرابع: تكوين الأعداد وتحليلها"
g4,t1,s3,u1,,l3,"الثالث: صيغ متنوعة لكتابة الأعداد"
g4,t1,s3,u1,,l2,"الثاني:  تغيير القِيَم المكانية"
g4,t1,s3,u1,,l1,"الأول: الأعداد الكبيرة"
g4,t1,s2,u3,,l5,"شخصيات مصرية مؤثرة:
             
                 طه حسين ومحمد طلعت حرب باشا"
g4,t1,s2,u3,,l4,"الدرس الرابع: حقوق الأطفال"
g4,t1,s2,u3,,l3,"الدرس الثالث: معًا لحياة أفضل!"
g4,t1,s2,u3,,l2,"الدرس الثاني: المستثمر الصغير"
g4,t1,s2,u3,,l1,"الدرس الأول: الحِرف التراثية"
g4,t1,s2,u2,,l5,"شخصيات مصرية مؤثرة :
            
                جمال حمدان و سيد درويش"
g4,t1,s2,u2,,l4,"الدرس الرابع: نحو حياة مستدامة في بلدنا"
g4,t1,s2,u2,,l3,"الدرس الثالث: البيئات المصرية ومواردها الطبيعية"
g4,t1,s2,u2,,l2,"الدرس الثاني: الطقس و المناخ"
g4,t1,s2,u2,,l1,"الدرس الأول : جمال أرضنا"
g4,t1,s2,u1,,l5,"الدرس الخامس: رموز بلدي"
g4,t1,s2,u1,,l4,"الدرس الرابع: محافظات مصر"
g4,t1,s2,u1,,l3,"الدرس الثالث: موقع مصر بالنسبة إلى العالم"
g4,t1,s2,u1,,l2,"الدرس الثاني: المصادر الأوّلية والمصادر الثانوية"
g4,t1,s2,u1,,l1,"الدرس الأوّل: أدوات تحديد المواقع"
g4,t1,s1,u2,,l3,"الموضوع الثالث : (أنت تربح)
            
              أنشطة نص الاستماع   الفصل الثالث : ( حل وسط )
                

              قصة ( كلنا رابحون)
              
              -	نص نعلوماتي ( الأسر المنتجة)"
g4,t1,s1,u2,,l2,"الموضوع الثاني : (أنا مؤثر)
            
                -	أنشطة نص الاستماع  ( الفصل الثاني : من السارق)
                -	قصة ( يوم لاينسى)
                -	نص نعلوماتي ( الطباعة)"
g4,t1,s1,u2,,l1,"الموضوع الأول : لست وحدي
            
                -	أنشطة نص الاستماع  ( الفصل الأول : قرار خطأ )
                -	شعر ( للجميع)
                -	نص نعلوماتي ( طيور النورس )"
g4,t1,s1,u1,,l3,"الموضوع الثالث : حقوقي وواجباتي
            
                -	أنشطة نص الاستماع (  رسالة من  آبائنا وأمهاتنا )
                -	قصة رد الجميل 
                -	نص معلوماتي  ( وثيقة  حقوق الطفل )"
g4,t1,s1,u1,,l2,"الموضوع الثاني : فكرى وابتكاراتي
            
                -	قصة ( مريم ومريم ) 
                -	نص معلوماتي ( كرة السرعة )"
g4,t1,s1,u1,,l1,"الموضوع الأول:وطني
            
                - أنشطة نص الاستماع ( حوار مع د. مجدي يعقوب )
                - شعر ( يا مصر)
                - نص نعلوماتي ( موطني )"
